lemma	pos	date	grouping	identifier	description	context	indexes_target_token	indexes_target_sentence
A_wife_of_noble_character_who_can_find?_She_is_worth_far_more_than_rubies				66_(Proverbs 31:10)-c1		A suggestion for how we Christian husbands should view our Christian wives. "A wife of noble character who can find? She is worth far more than rubies"	77:150	0:151
A_wife_of_noble_character_who_can_find?_She_is_worth_far_more_than_rubies				70_(Proverbs 31:10)-c2		Consulting his wife makes him wise... if she's godly. Any man would be a fool to not consider his wife's thoughts and feelings... "A wife of noble character who can find? She is worth far more than rubies."	131:204	0:206
A_wife_of_noble_character_who_can_find?_She_is_worth_far_more_than_rubies				66_(Proverbs 31:10)-c2		A wife of noble character who can find? She is worth far more than rubies, but it seems many Christian men are revealing they don't believe their wives could ever be this.	0:73	0:171
A_wife_of_noble_character_who_can_find?_She_is_worth_far_more_than_rubies				67_(Proverbs 31:10)-c1		Women think that means ANY woman you MAKE a wife 😍😉2. The emphasis is on the RARITY of such women... A wife of noble character who can find? She is worth far more than rubies.	101:174	0:175
A_wife_of_noble_character_who_can_find?_She_is_worth_far_more_than_rubies				71_(Proverbs 31:10)-c2		A wife of noble character who can find? She is worth far more than rubies. Seventhly, encourage her personal growth. Empower your wife to acquire new knowledge, skills,&experiences in her career. Motivate her to attend classes, conferences,&connect with like-minded professionals. Proverbs 31:10 extols the virtues of wisdom and kindness.	0:73	0:338
A_wife_of_noble_character_who_can_find?_She_is_worth_far_more_than_rubies				68_(Proverbs 31:10)-c1		No more shortcuts. "A wife of noble character who can find? She is worth far more than rubies. Her husband can trust her, and she will greatly enrich his life."	20:93	0:160
A_wife_of_noble_character_who_can_find?_She_is_worth_far_more_than_rubies				73_(Proverbs 31:10)-c1		A wife of noble character who can find? She is worth far more than rubies. Eshet Chayil is literally army wife. Her struggle on the home front enables her husband's victory and promotion on the field, whatever that field happens to be.	0:73	0:235
A_wife_of_noble_character_who_can_find?_She_is_worth_far_more_than_rubies				69_(Proverbs 31:10)-c2		"A wife of noble character who can find? She is worth far more than rubies." How kind of Solomon to speak so highly of such a woman. More husbands need to speak this way about their wives.	1:74	0:188
A_wife_of_noble_character_who_can_find?_She_is_worth_far_more_than_rubies				72_(Proverbs 31:10)-c1		"A wife of noble character who can find? She is worth far more than rubies." Jerry, you are truly blessed to have found a woman like your wife!!	1:74	0:144
A_wife_of_noble_character_who_can_find?_She_is_worth_far_more_than_rubies				60_(Proverbs 31:10)-c1		A wife of noble character who can find? She is worth far more than rubies To the Hardworking Ladies out there, keep pushing and remain on track. Have a blessed Sunday.	0:73	0:167
A_wife_of_noble_character_who_can_find?_She_is_worth_far_more_than_rubies				74_(Proverbs 31:10)-c2		Happy birthday to the most beautiful woman in the world. Together for 23 years and married for 20. You walked into my life and never left. Today, Elisha, Judah, Adelola and I, honor you and celebrate you. "A wife of noble character who can find? She is worth far more than rubies."	206:279	0:281
A_wife_of_noble_character_who_can_find?_She_is_worth_far_more_than_rubies				68_(Proverbs 31:10)-c2		A wife of noble character who can find? She is worth far more than rubies. We literally know what makes a virtuous wife and what to aspire to: of course people don't like talking about it because any woman can aspire to be this wife. No matter her past, she can repent and be forgiven and if she gets married, she can be this beautiful description of a wife.	0:73	0:358
A_wife_of_noble_character_who_can_find?_She_is_worth_far_more_than_rubies				63_(Proverbs 31:10)-c1		A wife of noble character who can find? She is worth far more than rubies' hmmm. If her price tag is rubies, hmm run oh. But then once you find a virtuous woman, keep her by all means, honor her even with rubies.	0:73	0:212
A_wife_of_noble_character_who_can_find?_She_is_worth_far_more_than_rubies				62_(Proverbs 31:10)-c2		Take action to safeguard the rights of those who are in a disadvantaged position, showing compassion and empathy towards their struggles. Ladies, to gain further insight into virtuous qualities and role models, I invite you to explore Proverbs 31:10-31,"A wife of noble character who can find? She is worth far more than rubies."	254:327	0:329
A_wife_of_noble_character_who_can_find?_She_is_worth_far_more_than_rubies				64_(Proverbs 31:10)-c2		A God fearing woman nowadays is more rare and valuable as any jewel. Any man that has one, you have been blessed. A wife of noble character who can find? She is worth far more than rubies.	114:187	0:188
A_wife_of_noble_character_who_can_find?_She_is_worth_far_more_than_rubies				71_(Proverbs 31:10)-c1		This is somewhat misleading. Even the Holy Bible mentions the ideal wife to be a strong interdependent working woman. A wife of noble character who can find? She is worth far more than rubies.	118:191	0:192
A_wife_of_noble_character_who_can_find?_She_is_worth_far_more_than_rubies				67_(Proverbs 31:10)-c2		A wife's role can be very challenging at times. They wear more "hats" than are sold at a hat store. However, a wife of good character should take comfort in knowing that she is a valued treasure and is a blessing to her husband. "A wife of noble character who can find? She is worth far more than rubies."	230:303	0:305
A_wife_of_noble_character_who_can_find?_She_is_worth_far_more_than_rubies				72_(Proverbs 31:10)-c2		Wives, you do not have to sexualize/ over sexualize yourself. Know your worth. You are invaluable! 😍🎎😍🎎😍🎎 The word says: A wife of noble character who can find? She is worth far more than rubies. Her husband has full confidence in her and lacks nothing of value.	121:194	0:262
A_wife_of_noble_character_who_can_find?_She_is_worth_far_more_than_rubies				74_(Proverbs 31:10)-c1		Today is the official day in July. Deb's birthday. Proverbs 31:10 says, "A wife of noble character who can find? She is worth far more than rubies". Deb is virtuous, capable, and precious. She loves her family deeply.	73:146	0:217
A_wife_of_noble_character_who_can_find?_She_is_worth_far_more_than_rubies				60_(Proverbs 31:10)-c2		This passage, Proverbs 31:10, attributed to divine authorship, beautifully celebrates the essence of women. It speaks of a remarkable wife, a woman of great character, who is beyond precious, far more valuable than rubies. "A wife of noble character who can find? She is worth far more than rubies"	224:297	0:298
A_wife_of_noble_character_who_can_find?_She_is_worth_far_more_than_rubies				69_(Proverbs 31:10)-c1		Don't go for looks, body shapes or outer appearance... take note of vers 30. A wife of noble character who can find? She is worth far more than rubies. Speak in this terms to your wife	77:150	0:184
A_wife_of_noble_character_who_can_find?_She_is_worth_far_more_than_rubies				70_(Proverbs 31:10)-c1		"A wife of noble character who can find? She is worth far more than rubies."You don't need to wear the pants in order to have a gracious husband who understands his role and has wisdom to take into consideration the wants and needs of his precious wife "who's worth is far above rubies" 	1:74	0:287
A_wife_of_noble_character_who_can_find?_She_is_worth_far_more_than_rubies				62_(Proverbs 31:10)-c1		A wife of noble character who can find? She is worth far more than rubies. The truth is, there are many capable women in the land, but you! You surpass them all. Is it not said? Charm may be deceitful, and beauty maybe be fleeting, but the woman who fears GOD shall be praised. 	0:73	0:278
A_wife_of_noble_character_who_can_find?_She_is_worth_far_more_than_rubies				63_(Proverbs 31:10)-c2		According to Proverbs 31:10 [a wife of noble character who can find? She is worth far more than rubies], women are the intellect, the heart, and the engine of the majority of prosperous houses. Except when it is shown that she is insane, a smart guy will step aside and let his wife run the show.	29:102	0:296
A_wife_of_noble_character_who_can_find?_She_is_worth_far_more_than_rubies				64_(Proverbs 31:10)-c1		Inspirational Bible Verse: A wife of noble character who can find? She is worth far more than rubies. Inspirational Message: Never lower your standards in order to find a partner. Instead, know your worth & never settle.	27:100	0:220
A_wife_of_noble_character_who_can_find?_She_is_worth_far_more_than_rubies				61_(Proverbs 31:10)-c2		Of course low-quality females are higher in number! That's what immediately pays! These are all things men can vet for. She have tattoos? Dyed hair? No father? Wears chokers constantly? Not excited about kids? Don't marry her! Proverbs 31:10 says "A wife of noble character who can find? She is worth far more than rubies." is clear that quality is rare!	248:321	0:354
A_wife_of_noble_character_who_can_find?_She_is_worth_far_more_than_rubies				73_(Proverbs 31:10)-c2		"A wife of noble character who can find? She is worth far more than rubies." A good woman is hard to find, and worth far more than diamonds. Her husband trusts her without reserve, and never has reason to regret it. Never spiteful, she treats him generously all her life long.	1:74	0:276
A_wife_of_noble_character_who_can_find?_She_is_worth_far_more_than_rubies				65_(Proverbs 31:10)-c2		"A wife of noble character who can find? She is worth far more than rubies". A wife of good character is described as worth more than rubies in proverbs 31:10. You don't find her just anywhere. She is someone who doesn't grant access to just anyone. You brothers are picking up stones and calling them wives.	1:74	0:308
A_wife_of_noble_character_who_can_find?_She_is_worth_far_more_than_rubies				61_(Proverbs 31:10)-c1		"A wife of noble character who can find? She is worth far more than rubies." Pastor Terri is truly a #radiant woman of God in everything she does, and we are so #grateful for her.	1:74	0:179
A_wife_of_noble_character_who_can_find?_She_is_worth_far_more_than_rubies				65_(Proverbs 31:10)-c1		A wife of noble character who can find? She is worth far more than rubies. No man can find one cause they don't exist.	0:73	0:118
