lemma	pos	date	grouping	identifier	description	context	indexes_target_token	indexes_target_sentence
Take_heed_to_yourselves._If_your_brother_sins_against_you_rebuke_him;_and_if_he_repents_forgive_him				489_(Luke 17:3)-c1		Sadly you are leaving out repentance... there are 50 verses in the Bible about it. Here is one: Take heed to yourselves. If your brother sins against you, rebuke him; and if he repents, forgive him. CONSTANTLY WORKING OUT OUR SALVATION WITH FEAR AND TREMBLING.	96:197	0:260
Take_heed_to_yourselves._If_your_brother_sins_against_you_rebuke_him;_and_if_he_repents_forgive_him				495_(Luke 17:3)-c1		Take heed to yourselves. If your brother sins against you, rebuke him; and if he repents, forgive him." That forgiveness is for the following verses. That forgiveness has nothing to do with condoning ill behaviors. It's allowing yourself & them to move forward & not be held back by their ill behavior. We don't blindly forgive & allow them to continue harmful behaviors, but we can approach the situation just like Michael the archangel.	0:101	0:438
Take_heed_to_yourselves._If_your_brother_sins_against_you_rebuke_him;_and_if_he_repents_forgive_him				482_(Luke 17:3)-c1		Take heed to yourselves. If your brother sins against you, rebuke him; and if he repents, forgive him. Sadly suicide is the one sin you can't repent 😍😭	0:101	0:151
Take_heed_to_yourselves._If_your_brother_sins_against_you_rebuke_him;_and_if_he_repents_forgive_him				491_(Luke 17:3)-c2		Regarding forgiveness: we should have "spirit of forgiveness" BUT according to Jesus Christ Himself who said in Luke 17:3 "Take heed to yourselves. If your brother sins against you, rebuke him; and if he repents, forgive him" Forgiveness is conditional on repentance	123:224	0:266
Take_heed_to_yourselves._If_your_brother_sins_against_you_rebuke_him;_and_if_he_repents_forgive_him				491_(Luke 17:3)-c1		It's amazing how triggered people get by reading a Bible quote. Lol. Here is another one. "Take heed to yourselves. If your brother sins against you, rebuke him; and if he repents, forgive him." Forgiveness comes after repentance.	91:192	0:230
Take_heed_to_yourselves._If_your_brother_sins_against_you_rebuke_him;_and_if_he_repents_forgive_him				485_(Luke 17:3)-c1		Sad that Faye believes that we are not called to correct/admonish others. She must not know of the spiritual works of mercy. Oh and some scripture... Take heed to yourselves. If your brother sins against you, rebuke him; and if he repents, forgive him; I thought that we were to help one another make it to eternal life with Holy God. Or, as Faye thinks we just worry about our own souls?? So sad. Speaking, sharing His word, truth with others with love and compassion is the utmost love!	150:251	0:488
Take_heed_to_yourselves._If_your_brother_sins_against_you_rebuke_him;_and_if_he_repents_forgive_him				490_(Luke 17:3)-c2		Take heed to yourselves. If your brother sins against you, rebuke him; and if he repents, forgive him. There is no forgiveness without repentance. I will not forgive corporate sin until I see corporate repentance Mr. White man.	0:101	0:227
Take_heed_to_yourselves._If_your_brother_sins_against_you_rebuke_him;_and_if_he_repents_forgive_him				492_(Luke 17:3)-c1		Take heed to yourselves. If your brother sins against you, rebuke him; and if he repents, forgive him. We must be ready to forgive, but forgiveness without repentance is a one-sided coin, as is repentance without forgiveness.	0:101	0:225
Take_heed_to_yourselves._If_your_brother_sins_against_you_rebuke_him;_and_if_he_repents_forgive_him				494_(Luke 17:3)-c2		"Take heed to yourselves. If your brother sins against you, rebuke him; and if he repents, forgive him" How many times should I forgive a offender?	1:102	0:147
Take_heed_to_yourselves._If_your_brother_sins_against_you_rebuke_him;_and_if_he_repents_forgive_him				483_(Luke 17:3)-c1		Back at ya: "Take heed to yourselves. If your brother sins against you, rebuke him; and if he repents, forgive him." The NT is clear that Christians are to walk w others and hold each other accountable in love. Helping each other to grow in Christ's likeness and get saved.	13:114	0:273
Take_heed_to_yourselves._If_your_brother_sins_against_you_rebuke_him;_and_if_he_repents_forgive_him				487_(Luke 17:3)-c2		Here's another command from the lips of Jesus: "Take heed to yourselves. If your brother sins against you, rebuke him; and if he repents, forgive him". Jesus had a number of specific ways in which we were to express that love brother.	48:149	0:234
Take_heed_to_yourselves._If_your_brother_sins_against_you_rebuke_him;_and_if_he_repents_forgive_him				488_(Luke 17:3)-c2		"Take heed to yourselves. If your brother sins against you, rebuke him; and if he repents, forgive him." How do we rebuke a fellow Christian in today's culture?	1:102	0:160
Take_heed_to_yourselves._If_your_brother_sins_against_you_rebuke_him;_and_if_he_repents_forgive_him				483_(Luke 17:3)-c2		You don't judge other Christians in your church?"Take heed to yourselves. If your brother sins against you, rebuke him; and if he repents, forgive him"	49:150	0:151
Take_heed_to_yourselves._If_your_brother_sins_against_you_rebuke_him;_and_if_he_repents_forgive_him				486_(Luke 17:3)-c2		"Take heed to yourselves. If your brother sins against you, rebuke him; and if he repents, forgive him." We can rebuke and correct our neighbor without claiming to pass final judgement upon him.	1:102	0:194
Take_heed_to_yourselves._If_your_brother_sins_against_you_rebuke_him;_and_if_he_repents_forgive_him				494_(Luke 17:3)-c1		Forgiveness is conditional. "Take heed to yourselves. If your brother sins against you, rebuke him; and if he repents, forgive him." This was part of the text for this morning's message. Funny you should mention it.	29:130	0:215
Take_heed_to_yourselves._If_your_brother_sins_against_you_rebuke_him;_and_if_he_repents_forgive_him				481_(Luke 17:3)-c2		Take heed to yourselves. If your brother sins against you, rebuke him; and if he repents, forgive him. I agree it is our duties as Christians to inform people of their sin. Only true penance can come from them but at least let's give them a chance	0:101	0:247
Take_heed_to_yourselves._If_your_brother_sins_against_you_rebuke_him;_and_if_he_repents_forgive_him				484_(Luke 17:3)-c2		I 100% agree.. sending him to jail is the only way to make evil accountable. Luke 17:3 says it well. "Take heed to yourselves. If your brother sins against you, rebuke him; and if he repents, forgive him." As ❤️ ❤️ 😍 has NEVER repented, he 100% should be rebuked.. Well done you got it.	102:203	0:286
Take_heed_to_yourselves._If_your_brother_sins_against_you_rebuke_him;_and_if_he_repents_forgive_him				493_(Luke 17:3)-c2		Forgiveness is conditional. Take heed to yourselves. If your brother sins against you, rebuke him; and if he repents, forgive him.	28:129	0:130
Take_heed_to_yourselves._If_your_brother_sins_against_you_rebuke_him;_and_if_he_repents_forgive_him				492_(Luke 17:3)-c2		Take heed to yourselves. If your brother sins against you, rebuke him; and if he repents, forgive him. Those are the words of Jesus. Holding each other accountable isn't "godding." It's loving. This priest has pointed out unrepentant sin. If Biden repents, then he should be forgiven.	0:101	0:284
Take_heed_to_yourselves._If_your_brother_sins_against_you_rebuke_him;_and_if_he_repents_forgive_him				486_(Luke 17:3)-c1		People often point out the passage in Matt. 7:3. Hypocrisy is indeed bad. However, our Lord also said in Luke 17:3 "Take heed to yourselves. If your brother sins against you, rebuke him; and if he repents, forgive him". We are commanded by our Lord to rebuke each other if necessary and to forgive if the brother or sister repents. But if you find yourself always being the rebuker and not the rebuke-ee, it's time step back and refer to Matt. 7:3 again.	116:217	0:454
Take_heed_to_yourselves._If_your_brother_sins_against_you_rebuke_him;_and_if_he_repents_forgive_him				481_(Luke 17:3)-c1		Take heed to yourselves. If your brother sins against you, rebuke him; and if he repents, forgive him. I never said I'm not a sinner, but I have been washed. There's a difference. I am clean in the eyes of the father. We're to hold people accountable.	0:101	0:251
Take_heed_to_yourselves._If_your_brother_sins_against_you_rebuke_him;_and_if_he_repents_forgive_him				482_(Luke 17:3)-c2		Amen, we are all sinners, but Jesus says: "Take heed to yourselves. If your brother sins against you, rebuke him; and if he repents, forgive him."We should treat everyone the same, as sinners who need the saving power of Jesus, to tell them to "sin no more" like Jesus said.	43:144	0:274
Take_heed_to_yourselves._If_your_brother_sins_against_you_rebuke_him;_and_if_he_repents_forgive_him				488_(Luke 17:3)-c1		"Take heed to yourselves. If your brother sins against you, rebuke him; and if he repents, forgive him, and if he sins against you seven times in the day, and turns to you seven times, saying, I repent, you must forgive him." Love doesn't mean you tolerate or accept the sin	1:102	0:274
Take_heed_to_yourselves._If_your_brother_sins_against_you_rebuke_him;_and_if_he_repents_forgive_him				489_(Luke 17:3)-c2		Take heed to yourselves. If your brother sins against you, rebuke him; and if he repents, forgive him. Tell your leader to repent.	0:101	0:130
Take_heed_to_yourselves._If_your_brother_sins_against_you_rebuke_him;_and_if_he_repents_forgive_him				484_(Luke 17:3)-c1		Most do not consider diligence in rebuking others a manifestation of "paying attention to yourself," and yet it is because we are not permitted to be apathetic to sin:"Take heed to yourselves. If your brother sins against you, rebuke him; and if he repents, forgive him"	168:269	0:270
Take_heed_to_yourselves._If_your_brother_sins_against_you_rebuke_him;_and_if_he_repents_forgive_him				487_(Luke 17:3)-c1		We don't want u dead no, it's not agenda.. the only thing here is you have refused to repent n turn to normal the Bible you're fronting says .. whoever is not wi u is against you. Take heed to yourselves. If your brother sins against you, rebuke him; and if he repents, forgive him	180:281	0:281
Take_heed_to_yourselves._If_your_brother_sins_against_you_rebuke_him;_and_if_he_repents_forgive_him				493_(Luke 17:3)-c1		Take heed to yourselves. If your brother sins against you, rebuke him; and if he repents, forgive him. Its NOT Christian to be a completely weak pacifist. That's not just a random Bible verse thats Jesus himself speaking.	0:101	0:221
Take_heed_to_yourselves._If_your_brother_sins_against_you_rebuke_him;_and_if_he_repents_forgive_him				490_(Luke 17:3)-c1		Take heed to yourselves. If your brother sins against you, rebuke him; and if he repents, forgive him. We need to apologize and repent from brothers-sisters first, if we don’t although we have a chance, Lord may not be forgive us.	0:101	0:230
Take_heed_to_yourselves._If_your_brother_sins_against_you_rebuke_him;_and_if_he_repents_forgive_him				495_(Luke 17:3)-c2		What does forgiveness with the Father look like without a restoration of the relationship? Take heed to yourselves. If your brother sins against you, rebuke him; and if he repents, forgive him	91:192	0:192
Take_heed_to_yourselves._If_your_brother_sins_against_you_rebuke_him;_and_if_he_repents_forgive_him				485_(Luke 17:3)-c2		Finally, this is Scripture's command: Take heed to yourselves. If your brother sins against you, rebuke him; and if he repents, forgive him. The aim is correct him. Failing to do so, is not only disobedience but also WICKEDNESS ON OUR PART to our brother, Pastor Paul Adefarasin.	38:139	0:279
