lemma	pos	date	grouping	identifier	description	context	indexes_target_token	indexes_target_sentence
If_a_man_lies_with_a_male_as_with_a_woman				336_(Leviticus 20:13)-c2		I am Catholic and support LGBT. Many things the bible preaches is deemed prosocial in today's society. (e.g. If a man lies with a male as with a woman, both of them have committed an abomination; they shall surely be put to death) So which bits ok.?? Do you support death over love??	109:150	0:283
If_a_man_lies_with_a_male_as_with_a_woman				331_(Leviticus 20:13)-c1		For Gays - If a man lies with a male as with a woman, both of them have committed an abomination; they shall surely be put to death; their blood is upon them. Bible is clearly against them.	11:52	0:189
If_a_man_lies_with_a_male_as_with_a_woman				335_(Leviticus 20:13)-c2		Since this pride movement shit has begun, If a man lies with a male as with a woman, the two of them have done an abhorrent thing; they shall be put to death-and they retain the bloodguilt.	41:82	0:189
If_a_man_lies_with_a_male_as_with_a_woman				343_(Leviticus 20:13)-c2		Pope Francis (Pope of Vatican City and Head of Catholic Church) made the news for saying homosexuality is not a crime as in "If a man lies with a male as with a woman...", the latest in his history of adopting a softer tone on LGBTQ issues	125:166	0:239
If_a_man_lies_with_a_male_as_with_a_woman				341_(Leviticus 20:13)-c2		LIGHTING, FIRE AND EARTHQUAKE ON THE POPE that spoke beyond a Bible. Long life to: "If a man lies with a male as with a woman, both of them have to die"	84:125	0:152
If_a_man_lies_with_a_male_as_with_a_woman				337_(Leviticus 20:13)-c1		Well we are showing compassion. By the gods law their supposed to be put to death for committing this abomination. If a man lies with a male as with a woman, both of them have committed an abomination; they shall be put to death; their blood is upon them.	115:156	0:255
If_a_man_lies_with_a_male_as_with_a_woman				332_(Leviticus 20:13)-c1		When a billion people follow the old book and it says this... If a man lies with a male as with a woman, both of them have committed an abomination; they shall surely be put to death; their blood is upon them. You have to question their intelligence	62:103	0:249
If_a_man_lies_with_a_male_as_with_a_woman				334_(Leviticus 20:13)-c2		This is how God's people celebrated Gay Pride. If a man lies with a male as with a woman, both of them have committed an abomination; they shall surely be put to death; their blood is upon them	47:88	0:193
If_a_man_lies_with_a_male_as_with_a_woman				332_(Leviticus 20:13)-c2		Leviticus 20:13 If a man lies with a male as with a woman, both of them have committed an abomination. I don't know what I want from the Church, but this is why when I was a better Catholic I would tell myself that only the New Testament meant anything	16:57	0:252
If_a_man_lies_with_a_male_as_with_a_woman				338_(Leviticus 20:13)-c2		Christians gotta be the most hypocritical group of people "god says love one another as I have loved you" and then quote leviticus "If a man lies with a male as with a woman, both of them have committed an abomination; they shall surely be put to death" like WHAT	132:173	0:263
If_a_man_lies_with_a_male_as_with_a_woman				342_(Leviticus 20:13)-c1		I think pope should negate the whole bible for once. 😍😉5 As Bible Says : If a man lies with a male as with a woman, both of them have committed an abomination; they shall surely be put to death; their blood is upon them.	73:114	0:220
If_a_man_lies_with_a_male_as_with_a_woman				339_(Leviticus 20:13)-c2		It’s literally not a fairy tale,also read Leviticus 20:13:If a man lies with a male as with a woman, both of them have committed an abomination; they shall surely be put to death. And 'love one another' does not mean supporting people’s sins or LGBTQ.	58:99	0:251
If_a_man_lies_with_a_male_as_with_a_woman				345_(Leviticus 20:13)-c1		If a man lies with a male as with a woman, both of them have committed an abomination; they shall surely be put to death. Pope Francis calls for civil union laws for same-sex couples. Another POPE who doesn't believe the words of JESUS. Read Leviticus 20:13 AND THEN SHOOT YOUR MOUTH OFF AGAIN!	0:41	0:294
If_a_man_lies_with_a_male_as_with_a_woman				335_(Leviticus 20:13)-c1		If a man lies with a male as with a woman, both of them have committed an abomination; they shall surely be put to death; their blood is upon them. Do not be fooled by the trojan horse that is gay pride.	0:41	0:203
If_a_man_lies_with_a_male_as_with_a_woman				344_(Leviticus 20:13)-c1		If a man lies with a male as with a woman, both of them have committed an abomination; they shall surely be put to death. When asked about his views on homosexuality, Pope Francis replied with 'Who am I to judge them?'	0:41	0:218
If_a_man_lies_with_a_male_as_with_a_woman				344_(Leviticus 20:13)-c2		If a man lies with a male as with a woman, both of them have committed an abomination; they shall surely be put to death. But Pope Francis say it is okay!	0:41	0:154
If_a_man_lies_with_a_male_as_with_a_woman				340_(Leviticus 20:13)-c2		How can a Pope speak beyond a Bible. The Bible clearly says this: If a man lies with a male as with a woman, both of them have committed an abomination. 	66:107	0:153
If_a_man_lies_with_a_male_as_with_a_woman				343_(Leviticus 20:13)-c1		Pope Francis calls laws criminalizing homosexuality unjust and asserts: Homosexuality is not a crime. The pontiff says God loves all his children just as they are. Is Pope Francis trying to contradict the Holy scriptures?? It comes from Leviticus 20:13: If a man lies with a male as with a woman, both of them have committed an abomination & they shall be put to death, their blood is upon them.	254:295	0:395
If_a_man_lies_with_a_male_as_with_a_woman				339_(Leviticus 20:13)-c1		We were put on this planet to love one another, just as God loved us first. But we were also put here to procreate. This is the reason why "If a man lies with a male as with a woman, both of them have committed an abomination; they shall surely be put to death"	140:181	0:261
If_a_man_lies_with_a_male_as_with_a_woman				336_(Leviticus 20:13)-c1		Fact check: the school was taking steps to reduce LGBT+ bullying. The claimant then decided to give a series of anti-LGBT+ assemblies. He read to the school: "if a man lies with a male as with a woman, both of them have committed an abomination; they shall be put to death."	159:200	0:274
If_a_man_lies_with_a_male_as_with_a_woman				331_(Leviticus 20:13)-c2		There are 6 places in the Bible that explicitly prohibit homosexual behavior: one of these is found in 'If a man lies with a male as with a woman, both of them have committed an abomination; they shall surely be put to death'	104:145	0:225
If_a_man_lies_with_a_male_as_with_a_woman				341_(Leviticus 20:13)-c1		Pope Francis ain't God.. he's a human being who yearns to impress everyone. IMPOSSIBLE! If a man lies with a male as with a woman, both of them have committed an abomination; they shall surely be put to death; their blood is upon them. So, says Jehovah God!!	88:129	0:258
If_a_man_lies_with_a_male_as_with_a_woman				345_(Leviticus 20:13)-c2		In saying the above quotes, Pope Francis committed heresy. The Pope contradicted what God said to Moses in Leviticus 20:13, when he responded to Giona. In Leviticus 20:13 God says:If a man lies with a male as with a woman, both of them have committed an abomination; they shall surely be put to death	180:221	0:300
If_a_man_lies_with_a_male_as_with_a_woman				333_(Leviticus 20:13)-c2		If a man lies with a male as with a woman, both of them have committed an abomination; they shall surely be put to death; their blood is upon them. I don't think there's any mention about lesbians being an abonination	0:41	0:217
If_a_man_lies_with_a_male_as_with_a_woman				340_(Leviticus 20:13)-c1		Who am I to judge a gay person of goodwill who seeks the Lord? - Said by Pope francis..ask him to check Leviticus 20:13. If a man lies with a male as with a woman, both of them have committed an abomination; they shall surely be put to death	121:162	0:241
If_a_man_lies_with_a_male_as_with_a_woman				337_(Leviticus 20:13)-c2		God loves homosexuals just hates what they do. Look up abomination. Worst word ever written. "if a man lies with a male as with a woman, both of them have committed an abomination"	94:135	0:180
If_a_man_lies_with_a_male_as_with_a_woman				338_(Leviticus 20:13)-c1		Agree we must love each other. However, let's not pretend Bible doesn't condemn Homosexuality. "If a man lies with a male as with a woman, both of them have committed an abomination; they shall surely be put to death; their blood is upon them."	96:137	0:244
If_a_man_lies_with_a_male_as_with_a_woman				342_(Leviticus 20:13)-c2		In Christianity it has happened with leaders coming forward after years of "If a man lies with a male as with a woman, both of them have committed an abomination". According to Pope Francis & others homosexuality is not a crime but remains a sin. Do you think this kind of acceptance is possible by the Islamic leaders?	76:117	0:319
If_a_man_lies_with_a_male_as_with_a_woman				334_(Leviticus 20:13)-c1		The rainbow is a sign from our Creator that he would never again flood the earth. The deviant pride movement stole it. If a man lies with a male as with a woman, the two of them have done an abhorrent thing; they shall be put to death	119:160	0:234
If_a_man_lies_with_a_male_as_with_a_woman				333_(Leviticus 20:13)-c1		You Godless fools! You do not celebrate that which God has deemed an abomination! You shall not lie with a male as with a woman; it is an abomination. If a man lies with a male as with a woman, both of them have committed an abomination	151:192	0:236
