lemma	pos	date	grouping	identifier	description	context	indexes_target_token	indexes_target_sentence
Therefore_if_anyone_is_in_Christ_he_is_a_new_creation._The_old_has_passed_away;_behold_the_new_has_come				515_(2 Corinthians 5:17)-c1		"""IN CHRIST WE ARE MADE NEW"" Therefore, if anyone is in Christ, he is a new creation. The old has passed away; behold, the new has come."	28:134	0:135
Therefore_if_anyone_is_in_Christ_he_is_a_new_creation._The_old_has_passed_away;_behold_the_new_has_come				524_(2 Corinthians 5:17)-c2		"00:00. Come let us pray 😍🙏🌌🙏 Even when I don't see it, You're working. When I can't feel it, You're working, You never stop working. ""Therefore, if anyone is in Christ, he is a new creation. The old has passed away; behold, the new has come."" Have a blessed Wednesday 🌌"	112:218	0:269
Therefore_if_anyone_is_in_Christ_he_is_a_new_creation._The_old_has_passed_away;_behold_the_new_has_come				524_(2 Corinthians 5:17)-c1		"""Therefore, if anyone is in Christ, the new creation has come: The old has passed away; behold, the new has come!"" Let's embrace new beginnings and new opportunities to make a positive impact in the world. "	6:112	0:206
Therefore_if_anyone_is_in_Christ_he_is_a_new_creation._The_old_has_passed_away;_behold_the_new_has_come				521_(2 Corinthians 5:17)-c2		Need for Inner Change. Therefore, if anyone is in Christ, he is a new creation. The old has passed away; behold, the new has come. ❤️ SHARE WITH SOMEONE ❤️ **READ GOD'S WORD DAILY**	23:129	0:181
Therefore_if_anyone_is_in_Christ_he_is_a_new_creation._The_old_has_passed_away;_behold_the_new_has_come				525_(2 Corinthians 5:17)-c1		"Gods creation is absolutely amazing - Metamorphosis; Egg, caterpillar 😍, chrysalis, ❤️!""Therefore, if anyone is in Christ, he is a new creation; The old has passed away; behold, the new has come."" "	88:194	0:197
Therefore_if_anyone_is_in_Christ_he_is_a_new_creation._The_old_has_passed_away;_behold_the_new_has_come				522_(2 Corinthians 5:17)-c1		Therefore, if anyone is in Christ, he is a new creation. The old has passed away; behold, the new has come. Come to Christ as you are but you don't stay as you are. When you believe in Christ you become a new creature. Therefore, if anyone is in Christ, he is a new creation. The old has passed away; behold, the new has come.	0:106	0:326
Therefore_if_anyone_is_in_Christ_he_is_a_new_creation._The_old_has_passed_away;_behold_the_new_has_come				515_(2 Corinthians 5:17)-c2		"""Therefore, if anyone is in Christ, he is a new creation. The old has passed away; behold, the new has come."" No matter what you've done till now, whether cultism, prostitution, robbery, etc. Jesus is ready to forgive and cleanse you now."	1:107	0:238
Therefore_if_anyone_is_in_Christ_he_is_a_new_creation._The_old_has_passed_away;_behold_the_new_has_come				512_(2 Corinthians 5:17)-c2		Therefore, if anyone is in Christ, he is a new creation. The old has passed away; behold, the new has come. Christians are more than just forgiven. God has caused us to be born again as new creations!	0:106	0:200
Therefore_if_anyone_is_in_Christ_he_is_a_new_creation._The_old_has_passed_away;_behold_the_new_has_come				512_(2 Corinthians 5:17)-c1		Therefore, if anyone is in Christ, he is a new creation; The old has passed away; behold, the new has come. Oh! Don't we love new things? This should be something to cheer you up. In Christ, there are no upgrades but new things.	0:106	0:228
Therefore_if_anyone_is_in_Christ_he_is_a_new_creation._The_old_has_passed_away;_behold_the_new_has_come				513_(2 Corinthians 5:17)-c2		We know that our old self was crucified with Him in order that the body of sin might be brought to nothing, so that we would no longer be enslaved to sin. Therefore, if anyone is in Christ, he is a new creation. The old has passed away; behold, the new has come	155:261	0:261
Therefore_if_anyone_is_in_Christ_he_is_a_new_creation._The_old_has_passed_away;_behold_the_new_has_come				513_(2 Corinthians 5:17)-c1		Therefore, if anyone is in Christ, he is a new creation. The old has passed away; behold, the new has come. What if they had that new mind set and guarded their hearts and they were able to identify those certain men?	0:106	0:217
Therefore_if_anyone_is_in_Christ_he_is_a_new_creation._The_old_has_passed_away;_behold_the_new_has_come				514_(2 Corinthians 5:17)-c2		Therefore, if anyone is in Christ, he is a new creation. The old has passed away; behold, the new has come. Those who live in spiritual light have a renewed character. Now, when we sin, we cannot rest. We cannot just forget our sin, but immediately we repent and turn from that sin and receive the Lord's forgiveness.	0:106	0:317
Therefore_if_anyone_is_in_Christ_he_is_a_new_creation._The_old_has_passed_away;_behold_the_new_has_come				522_(2 Corinthians 5:17)-c2		Enjoy this Thursday with the Lord; Therefore, if anyone is in Christ, he is a new creation. The old has passed away; behold, the new has come. Blessings, 😍🙏 go	35:141	0:159
Therefore_if_anyone_is_in_Christ_he_is_a_new_creation._The_old_has_passed_away;_behold_the_new_has_come				516_(2 Corinthians 5:17)-c1		"""Therefore, if anyone is in Christ, he is a new creation. The old has passed away; behold, the new has come."" Every body was living in the old nature of Adam & EVE until Jesus came. His death & resurrection has abolished the nature of Adam."	1:107	0:240
Therefore_if_anyone_is_in_Christ_he_is_a_new_creation._The_old_has_passed_away;_behold_the_new_has_come				520_(2 Corinthians 5:17)-c2		Therefore, if anyone is in Christ, he is a new creation. The old has passed away; behold, the new has come. And all of this is a gift from God, who brought us back to himself through Christ. And God has given us this task of reconciling people to him.	0:106	0:251
Therefore_if_anyone_is_in_Christ_he_is_a_new_creation._The_old_has_passed_away;_behold_the_new_has_come				523_(2 Corinthians 5:17)-c2		All unrighteousness is sin, and there is sin not leading to death. Therefore, if anyone is in Christ, he is a new creation; The old has passed away; behold, the new has come.	67:173	0:174
Therefore_if_anyone_is_in_Christ_he_is_a_new_creation._The_old_has_passed_away;_behold_the_new_has_come				519_(2 Corinthians 5:17)-c1		Therefore, if anyone is in Christ, the new creation has come: The old has passed away; behold, the new has come! Remember, new people look in new places for new solutions.	0:106	0:171
Therefore_if_anyone_is_in_Christ_he_is_a_new_creation._The_old_has_passed_away;_behold_the_new_has_come				523_(2 Corinthians 5:17)-c1		"Therefore, if anyone is in Christ, he is a new creation. The old has passed away; behold, the new has come. As a young Christian, when you gave your life to Christ, when you got born again, the scripture says (2 Corinthians 5:17), you became ""A new creation. The old has passed away; behold, the new has come"". #TogetherWeCan"	0:106	0:325
Therefore_if_anyone_is_in_Christ_he_is_a_new_creation._The_old_has_passed_away;_behold_the_new_has_come				521_(2 Corinthians 5:17)-c1		Therefore, if anyone is in Christ, he is a new creation. The old has passed away; behold, the new has come! When #God is doing a new thing in your life, it can challenge you. It's never easy but how wonderful it is. I say 'Thank You #Jesus.'	0:106	0:241
Therefore_if_anyone_is_in_Christ_he_is_a_new_creation._The_old_has_passed_away;_behold_the_new_has_come				516_(2 Corinthians 5:17)-c2		"""Therefore, if anyone is in Christ, he is a new creation. The old has passed away; behold, the new has come."" In other words if your life looks the same as it did before you believed, you are not in Christ. There is no #OSAS."	1:107	0:225
Therefore_if_anyone_is_in_Christ_he_is_a_new_creation._The_old_has_passed_away;_behold_the_new_has_come				525_(2 Corinthians 5:17)-c2		"Sanctification is resting in who you ARE in Christ not who you will be. ""Therefore, if anyone is in Christ, he is a new creation. The old has passed away; behold, the new has come."""	73:179	0:181
Therefore_if_anyone_is_in_Christ_he_is_a_new_creation._The_old_has_passed_away;_behold_the_new_has_come				517_(2 Corinthians 5:17)-c1		"""Therefore, If anyone is in Christ, he is a new creation; The old has passed away; behold, the new has come!"" Reflect on the power of God's transformative love in your life. Embrace the truth that through Christ, you have been made new."	1:107	0:236
Therefore_if_anyone_is_in_Christ_he_is_a_new_creation._The_old_has_passed_away;_behold_the_new_has_come				518_(2 Corinthians 5:17)-c1		Therefore, if anyone is in Christ, he is a new creation. The old has passed away; behold, the new has come. It's my personal experience I had it's true anyone in Christ he is a new creation a change has taken place in my life, the old has passed away; behold the new has come.	0:106	0:276
Therefore_if_anyone_is_in_Christ_he_is_a_new_creation._The_old_has_passed_away;_behold_the_new_has_come				520_(2 Corinthians 5:17)-c1		Therefore, if anyone is in Christ, he is a new creation. The old has passed away; behold, the new has come. Don't confuse the new creature with being justified by faith.	0:106	0:169
Therefore_if_anyone_is_in_Christ_he_is_a_new_creation._The_old_has_passed_away;_behold_the_new_has_come				511_(2 Corinthians 5:17)-c2		And ye shall know the truth, and the truth shall make you free from sin. Therefore, if anyone is in Christ, he is a new creation. The old has passed away; behold, the new has come.	73:179	0:180
Therefore_if_anyone_is_in_Christ_he_is_a_new_creation._The_old_has_passed_away;_behold_the_new_has_come				511_(2 Corinthians 5:17)-c1		Today the Lord carried me into a new season in life. Humbled to be called. Therefore, if anyone is in Christ, he is a new creation. The old has passed away; behold, the new has come.	75:181	0:182
Therefore_if_anyone_is_in_Christ_he_is_a_new_creation._The_old_has_passed_away;_behold_the_new_has_come				517_(2 Corinthians 5:17)-c2		Therefore, if anyone is in Christ, he is a new creation. The old has passed away; behold, the new has come. As we watch this girl take her spot boldly in Jesus' family, my heart leaps!! 😍	0:106	0:187
Therefore_if_anyone_is_in_Christ_he_is_a_new_creation._The_old_has_passed_away;_behold_the_new_has_come				519_(2 Corinthians 5:17)-c2		"The power of the Holy Spirit. ""Therefore, if anyone is in Christ, he is a new creation. The old has passed away; behold, the new has come."""	31:137	0:139
Therefore_if_anyone_is_in_Christ_he_is_a_new_creation._The_old_has_passed_away;_behold_the_new_has_come				514_(2 Corinthians 5:17)-c1		Therefore, if anyone is in Christ, he is a new creation. The old has passed away; behold, the new has come. After baptism, we will live a new life and that's when being of Christ will take place.	0:106	0:195
Therefore_if_anyone_is_in_Christ_he_is_a_new_creation._The_old_has_passed_away;_behold_the_new_has_come				518_(2 Corinthians 5:17)-c2		Spend no time on useless regret and morbid looking back, And give your life to Jesus now. ❤️ 😍🙏 #BibleVerse: 2 Corinthians 5:17 Therefore, if anyone is in Christ, he is a new creation; The old has passed away; behold, the new has come.	128:234	0:235
