lemma	pos	date	grouping	identifier	description	context	indexes_target_token	indexes_target_sentence
Judge_not_that_ye_be_not_judged				389_(Matthew 7:1)-c2		I don't do drugs. Or drink alcohol. Way to go! You get a ticket to hell now for being a judgmental prick. Judge not, that ye be not judged, am I right? 	106:138	0:152
Judge_not_that_ye_be_not_judged				378_(Matthew 7:1)-c2		"We still come back to Matthew 7:1 - ""Judge not, that ye be not judged."" You're trying to escape your sin by pretending this doesn't apply to you. When you determine homosexuality to be a sin, you criticize, judge, condemn, and evaluate us as unworthy."	37:69	0:251
Judge_not_that_ye_be_not_judged				387_(Matthew 7:1)-c1		Everyone gets in a drug and alcohol fueled underpants hammerfight with a male prostitute from time to time, Judge not, that ye be not judged	108:140	0:140
Judge_not_that_ye_be_not_judged				383_(Matthew 7:1)-c1		I'm anti-alphabet, but it's wrong to judge a book by its cover. Judge not, that ye be not judged.	64:96	0:97
Judge_not_that_ye_be_not_judged				386_(Matthew 7:1)-c1		When it comes to alcohol, my philosophy is Judge not, that ye be not judged.	43:75	0:76
Judge_not_that_ye_be_not_judged				385_(Matthew 7:1)-c1		Judge not, that ye be not judged? - People in Ontario embarrassed by the province's top selling alcohol during the pandemic	0:32	0:123
Judge_not_that_ye_be_not_judged				376_(Matthew 7:1)-c1		Judge not, that ye be not judged..When you say homosexuals are sinful for no other reason than YOU think it's gross, you judge and put your soul in peril. The Bible does not support homosexuality as sin.	0:32	0:203
Judge_not_that_ye_be_not_judged				382_(Matthew 7:1)-c1		Why do you hate people who are different than you? Judge not, that ye be not judged	51:83	0:83
Judge_not_that_ye_be_not_judged				390_(Matthew 7:1)-c1		Judge not, that ye be not judged. Where in the Bible does it say alcohol is sin? Book, chapter and verse please.	0:32	0:112
Judge_not_that_ye_be_not_judged				380_(Matthew 7:1)-c1		So, Judge not, that ye be not judged doesn't apply anymore? Or, does it just not apply to idiots like you? Bet you made your Jesus real proud.	4:36	0:142
Judge_not_that_ye_be_not_judged				381_(Matthew 7:1)-c1		Judge not, that ye be not judged. Incorrect interpretation: Don't judge. Correct interpretation: the verses teach us HOW to judge, because we are supposed to judge (choose good over evil), we are supposed to be merciful.	0:32	0:220
Judge_not_that_ye_be_not_judged				376_(Matthew 7:1)-c2		Homosexuality did not come from the West. Africans practiced it well before the arrival of the white man. Those who say #LGBTQ is against our culture are poor students of history. Plus it's also very common among Xtians & Muslims. Judge not, that ye be not judged	231:263	0:263
Judge_not_that_ye_be_not_judged				379_(Matthew 7:1)-c1		I know the scriptures say, Judge not, that ye be not judged, but I'm just gonna come out and say it. This Harvey Weinstein? This fella? This guy's a real jerk!	27:59	0:159
Judge_not_that_ye_be_not_judged				384_(Matthew 7:1)-c1		I am a recovering individual with alcohol use disorder. Such a sick burn, and totally not making fun of those with diseases, at all! You need to take a good hard look at yourself. Judge not, that ye be not judged. But besides, she does not have a face of an individual with alcoholism	180:212	0:284
Judge_not_that_ye_be_not_judged				377_(Matthew 7:1)-c1		You are completely incorrect. People are only born LGBTQ. You should educate yourself. Judge not, that ye be not judged!	87:119	0:120
Judge_not_that_ye_be_not_judged				383_(Matthew 7:1)-c2		Exactly. Judge not, that ye be not judged. Is NOT in the Bible. It's a cute coined phrase that sinners use to justify their sin while the meaning of the CONTEXT means to judge those who you don't have a sin in.	9:41	0:210
Judge_not_that_ye_be_not_judged				382_(Matthew 7:1)-c2		Judge not, that ye be not judged. In other words, when you decided to become a critic of others, know that you open yourself to criticism from..	0:32	0:144
Judge_not_that_ye_be_not_judged				387_(Matthew 7:1)-c2		40% of the people in jails in the world are in for drugs. Of course, those are just the ones that get caught. Every single person in this world turns to something for comfort. For some, it is food, sex, alcohol, cigarettes, and yes, drugs. Judge not, that ye be not judged.	240:272	0:273
Judge_not_that_ye_be_not_judged				381_(Matthew 7:1)-c2		Judge not, that ye be not judged is in reference to falsely judging people.. Judging people with righteous judgment is a commandment	0:32	0:132
Judge_not_that_ye_be_not_judged				385_(Matthew 7:1)-c2		They can only be used in certain shops, so maybe she used cash elsewhere. Alcohol is the only way some people can get through their lives. Judge not, that ye be not judged. Be kind.	139:171	0:181
Judge_not_that_ye_be_not_judged				390_(Matthew 7:1)-c2		"If drinking alcohol is a sin why did Jesus turn water into wine? He also said a few other bits like ""Judge not, that ye be not judged"""	101:133	0:134
Judge_not_that_ye_be_not_judged				388_(Matthew 7:1)-c2		"Whatever happened to ""Live and let live""? What about the biblical ""Judge not, that ye be not judged""? I say ""Vive la difference."" How dull would life be if we were all exactly the same? Go live your life and be happy but allow everyone else to do the same."	67:99	0:256
Judge_not_that_ye_be_not_judged				380_(Matthew 7:1)-c2		Judge not, that ye be not judged, but this lady is a real jerk!	0:32	0:63
Judge_not_that_ye_be_not_judged				378_(Matthew 7:1)-c1		I am so sick of all these people waging war on the LGTBQ community. Let them live their lives the way they want. Republicans call them grommers, yet fail to call gun manufacturers grommers for mass shootings! Judge not, that ye be not judged by the same measure	209:241	0:261
Judge_not_that_ye_be_not_judged				386_(Matthew 7:1)-c2		How is the United States addressing demand for illicit drugs? How is the United States addressing addiction to alcohol? Judge not, that ye be not judged.	120:152	0:153
Judge_not_that_ye_be_not_judged				384_(Matthew 7:1)-c2		I have more alcohol in my apartment than food, but Judge not, that ye be not judged.	51:83	0:84
Judge_not_that_ye_be_not_judged				377_(Matthew 7:1)-c2		It's still bad. Hating gay people isn't part of the Muslim religion. and even if there was something resembling an aversion to homosexuality in the Qur'an, much like with the bible, there are passages about showing love and mercy to your enemy, and Judge not, that ye be not judged.	249:281	0:282
Judge_not_that_ye_be_not_judged				388_(Matthew 7:1)-c1		Baloney. Live and let live. Love your neighbor as yourself. Judge not, that ye be not judged. And so forth.	60:92	0:107
Judge_not_that_ye_be_not_judged				389_(Matthew 7:1)-c1		Metallica famously wrote a song called 'Holier Than Thou'. The lyrics read: 'You lie so much you believe yourself, Judge not, that ye be not judged.' 	115:147	0:150
Judge_not_that_ye_be_not_judged				379_(Matthew 7:1)-c2		"Now I know the Good Book says ""Judge not, that ye be not judged"", but I'm just gonna come right out and say it: this Ghislaine Maxwell... I mean this girl was a real jerk!"	31:63	0:171
