identifier1	identifier2	annotator	judgment	comment	lemma	timestamp
576_(Proverbs 10:12)-c2	574_(Proverbs 10:12)-c2	Nisha	2.0		Hatred_stirs_up_conflict_but_love_covers_over_all_wrongs	
576_(Proverbs 10:12)-c2	574_(Proverbs 10:12)-c2	AndreaMariaC	2.0		Hatred_stirs_up_conflict_but_love_covers_over_all_wrongs	
580_(Proverbs 10:12)-c2	574_(Proverbs 10:12)-c2	Nisha	2.0		Hatred_stirs_up_conflict_but_love_covers_over_all_wrongs	
580_(Proverbs 10:12)-c2	574_(Proverbs 10:12)-c2	AndreaMariaC	2.0		Hatred_stirs_up_conflict_but_love_covers_over_all_wrongs	
580_(Proverbs 10:12)-c2	574_(Proverbs 10:12)-c2	shur	1.0		Hatred_stirs_up_conflict_but_love_covers_over_all_wrongs	
571_(Proverbs 10:12)-c1	574_(Proverbs 10:12)-c2	AndreaMariaC	2.0		Hatred_stirs_up_conflict_but_love_covers_over_all_wrongs	
571_(Proverbs 10:12)-c1	574_(Proverbs 10:12)-c2	Nisha	2.0		Hatred_stirs_up_conflict_but_love_covers_over_all_wrongs	
571_(Proverbs 10:12)-c1	574_(Proverbs 10:12)-c2	shur	3.0		Hatred_stirs_up_conflict_but_love_covers_over_all_wrongs	
579_(Proverbs 10:12)-c1	574_(Proverbs 10:12)-c2	AndreaMariaC	3.0		Hatred_stirs_up_conflict_but_love_covers_over_all_wrongs	
579_(Proverbs 10:12)-c1	574_(Proverbs 10:12)-c2	Nisha	3.0		Hatred_stirs_up_conflict_but_love_covers_over_all_wrongs	
584_(Proverbs 10:12)-c1	574_(Proverbs 10:12)-c2	Nisha	1.0		Hatred_stirs_up_conflict_but_love_covers_over_all_wrongs	
584_(Proverbs 10:12)-c1	574_(Proverbs 10:12)-c2	AndreaMariaC	3.0		Hatred_stirs_up_conflict_but_love_covers_over_all_wrongs	
584_(Proverbs 10:12)-c1	574_(Proverbs 10:12)-c2	shur	2.0		Hatred_stirs_up_conflict_but_love_covers_over_all_wrongs	
573_(Proverbs 10:12)-c2	574_(Proverbs 10:12)-c2	AndreaMariaC	2.0		Hatred_stirs_up_conflict_but_love_covers_over_all_wrongs	
573_(Proverbs 10:12)-c2	574_(Proverbs 10:12)-c2	Nisha	2.0		Hatred_stirs_up_conflict_but_love_covers_over_all_wrongs	
585_(Proverbs 10:12)-c1	574_(Proverbs 10:12)-c2	Nisha	1.0		Hatred_stirs_up_conflict_but_love_covers_over_all_wrongs	
585_(Proverbs 10:12)-c1	574_(Proverbs 10:12)-c2	AndreaMariaC	2.0		Hatred_stirs_up_conflict_but_love_covers_over_all_wrongs	
585_(Proverbs 10:12)-c1	574_(Proverbs 10:12)-c2	shur	2.0		Hatred_stirs_up_conflict_but_love_covers_over_all_wrongs	
573_(Proverbs 10:12)-c1	574_(Proverbs 10:12)-c2	Nisha	2.0		Hatred_stirs_up_conflict_but_love_covers_over_all_wrongs	
573_(Proverbs 10:12)-c1	574_(Proverbs 10:12)-c2	AndreaMariaC	3.0		Hatred_stirs_up_conflict_but_love_covers_over_all_wrongs	
573_(Proverbs 10:12)-c1	574_(Proverbs 10:12)-c2	shur	2.0		Hatred_stirs_up_conflict_but_love_covers_over_all_wrongs	
576_(Proverbs 10:12)-c2	582_(Proverbs 10:12)-c2	AndreaMariaC	2.0		Hatred_stirs_up_conflict_but_love_covers_over_all_wrongs	
576_(Proverbs 10:12)-c2	582_(Proverbs 10:12)-c2	Nisha	1.0		Hatred_stirs_up_conflict_but_love_covers_over_all_wrongs	
580_(Proverbs 10:12)-c2	582_(Proverbs 10:12)-c2	Nisha	2.0		Hatred_stirs_up_conflict_but_love_covers_over_all_wrongs	
580_(Proverbs 10:12)-c2	582_(Proverbs 10:12)-c2	AndreaMariaC	3.0		Hatred_stirs_up_conflict_but_love_covers_over_all_wrongs	
579_(Proverbs 10:12)-c1	582_(Proverbs 10:12)-c2	AndreaMariaC	2.0		Hatred_stirs_up_conflict_but_love_covers_over_all_wrongs	
579_(Proverbs 10:12)-c1	582_(Proverbs 10:12)-c2	Nisha	1.0		Hatred_stirs_up_conflict_but_love_covers_over_all_wrongs	
571_(Proverbs 10:12)-c2	582_(Proverbs 10:12)-c2	Nisha	2.0		Hatred_stirs_up_conflict_but_love_covers_over_all_wrongs	
571_(Proverbs 10:12)-c2	582_(Proverbs 10:12)-c2	AndreaMariaC	2.0		Hatred_stirs_up_conflict_but_love_covers_over_all_wrongs	
571_(Proverbs 10:12)-c2	582_(Proverbs 10:12)-c2	shur	1.0		Hatred_stirs_up_conflict_but_love_covers_over_all_wrongs	
575_(Proverbs 10:12)-c1	582_(Proverbs 10:12)-c2	AndreaMariaC	3.0		Hatred_stirs_up_conflict_but_love_covers_over_all_wrongs	
575_(Proverbs 10:12)-c1	582_(Proverbs 10:12)-c2	Nisha	1.0		Hatred_stirs_up_conflict_but_love_covers_over_all_wrongs	
575_(Proverbs 10:12)-c1	582_(Proverbs 10:12)-c2	shur	4.0		Hatred_stirs_up_conflict_but_love_covers_over_all_wrongs	
584_(Proverbs 10:12)-c2	582_(Proverbs 10:12)-c2	Nisha	2.0		Hatred_stirs_up_conflict_but_love_covers_over_all_wrongs	
584_(Proverbs 10:12)-c2	582_(Proverbs 10:12)-c2	AndreaMariaC	2.0		Hatred_stirs_up_conflict_but_love_covers_over_all_wrongs	
584_(Proverbs 10:12)-c2	582_(Proverbs 10:12)-c2	shur	1.0		Hatred_stirs_up_conflict_but_love_covers_over_all_wrongs	
581_(Proverbs 10:12)-c2	582_(Proverbs 10:12)-c2	AndreaMariaC	2.0		Hatred_stirs_up_conflict_but_love_covers_over_all_wrongs	
581_(Proverbs 10:12)-c2	582_(Proverbs 10:12)-c2	Nisha	3.0		Hatred_stirs_up_conflict_but_love_covers_over_all_wrongs	
581_(Proverbs 10:12)-c2	582_(Proverbs 10:12)-c2	shur	2.0		Hatred_stirs_up_conflict_but_love_covers_over_all_wrongs	
576_(Proverbs 10:12)-c2	583_(Proverbs 10:12)-c2	AndreaMariaC	2.0		Hatred_stirs_up_conflict_but_love_covers_over_all_wrongs	
576_(Proverbs 10:12)-c2	583_(Proverbs 10:12)-c2	Nisha	1.0		Hatred_stirs_up_conflict_but_love_covers_over_all_wrongs	
572_(Proverbs 10:12)-c1	583_(Proverbs 10:12)-c2	Nisha	1.0		Hatred_stirs_up_conflict_but_love_covers_over_all_wrongs	
572_(Proverbs 10:12)-c1	583_(Proverbs 10:12)-c2	AndreaMariaC	2.0		Hatred_stirs_up_conflict_but_love_covers_over_all_wrongs	
572_(Proverbs 10:12)-c1	583_(Proverbs 10:12)-c2	shur	2.0		Hatred_stirs_up_conflict_but_love_covers_over_all_wrongs	
579_(Proverbs 10:12)-c2	583_(Proverbs 10:12)-c2	AndreaMariaC	2.0		Hatred_stirs_up_conflict_but_love_covers_over_all_wrongs	
579_(Proverbs 10:12)-c2	583_(Proverbs 10:12)-c2	Nisha	1.0		Hatred_stirs_up_conflict_but_love_covers_over_all_wrongs	
574_(Proverbs 10:12)-c2	583_(Proverbs 10:12)-c2	AndreaMariaC	3.0		Hatred_stirs_up_conflict_but_love_covers_over_all_wrongs	
574_(Proverbs 10:12)-c2	583_(Proverbs 10:12)-c2	Nisha	1.0		Hatred_stirs_up_conflict_but_love_covers_over_all_wrongs	
571_(Proverbs 10:12)-c2	583_(Proverbs 10:12)-c2	AndreaMariaC	2.0		Hatred_stirs_up_conflict_but_love_covers_over_all_wrongs	
571_(Proverbs 10:12)-c2	583_(Proverbs 10:12)-c2	Nisha	1.0		Hatred_stirs_up_conflict_but_love_covers_over_all_wrongs	
571_(Proverbs 10:12)-c2	583_(Proverbs 10:12)-c2	shur	1.0		Hatred_stirs_up_conflict_but_love_covers_over_all_wrongs	
577_(Proverbs 10:12)-c2	583_(Proverbs 10:12)-c2	Nisha	1.0		Hatred_stirs_up_conflict_but_love_covers_over_all_wrongs	
577_(Proverbs 10:12)-c2	583_(Proverbs 10:12)-c2	AndreaMariaC	2.0		Hatred_stirs_up_conflict_but_love_covers_over_all_wrongs	
584_(Proverbs 10:12)-c1	583_(Proverbs 10:12)-c2	Nisha	1.0		Hatred_stirs_up_conflict_but_love_covers_over_all_wrongs	
584_(Proverbs 10:12)-c1	583_(Proverbs 10:12)-c2	AndreaMariaC	2.0		Hatred_stirs_up_conflict_but_love_covers_over_all_wrongs	
584_(Proverbs 10:12)-c1	583_(Proverbs 10:12)-c2	shur	2.0		Hatred_stirs_up_conflict_but_love_covers_over_all_wrongs	
584_(Proverbs 10:12)-c2	583_(Proverbs 10:12)-c2	Nisha	2.0		Hatred_stirs_up_conflict_but_love_covers_over_all_wrongs	
584_(Proverbs 10:12)-c2	583_(Proverbs 10:12)-c2	AndreaMariaC	2.0		Hatred_stirs_up_conflict_but_love_covers_over_all_wrongs	
585_(Proverbs 10:12)-c1	583_(Proverbs 10:12)-c2	AndreaMariaC	3.0		Hatred_stirs_up_conflict_but_love_covers_over_all_wrongs	
585_(Proverbs 10:12)-c1	583_(Proverbs 10:12)-c2	Nisha	2.0		Hatred_stirs_up_conflict_but_love_covers_over_all_wrongs	
585_(Proverbs 10:12)-c1	583_(Proverbs 10:12)-c2	shur	2.0		Hatred_stirs_up_conflict_but_love_covers_over_all_wrongs	
585_(Proverbs 10:12)-c2	583_(Proverbs 10:12)-c2	AndreaMariaC	2.0		Hatred_stirs_up_conflict_but_love_covers_over_all_wrongs	
585_(Proverbs 10:12)-c2	583_(Proverbs 10:12)-c2	Nisha	1.0		Hatred_stirs_up_conflict_but_love_covers_over_all_wrongs	
576_(Proverbs 10:12)-c2	578_(Proverbs 10:12)-c2	AndreaMariaC	3.0		Hatred_stirs_up_conflict_but_love_covers_over_all_wrongs	
576_(Proverbs 10:12)-c2	578_(Proverbs 10:12)-c2	Nisha	1.0		Hatred_stirs_up_conflict_but_love_covers_over_all_wrongs	
576_(Proverbs 10:12)-c2	578_(Proverbs 10:12)-c2	shur	3.0		Hatred_stirs_up_conflict_but_love_covers_over_all_wrongs	
580_(Proverbs 10:12)-c2	578_(Proverbs 10:12)-c2	AndreaMariaC	2.0		Hatred_stirs_up_conflict_but_love_covers_over_all_wrongs	
580_(Proverbs 10:12)-c2	578_(Proverbs 10:12)-c2	Nisha	2.0		Hatred_stirs_up_conflict_but_love_covers_over_all_wrongs	
579_(Proverbs 10:12)-c1	578_(Proverbs 10:12)-c2	AndreaMariaC	2.0		Hatred_stirs_up_conflict_but_love_covers_over_all_wrongs	
579_(Proverbs 10:12)-c1	578_(Proverbs 10:12)-c2	Nisha	1.0		Hatred_stirs_up_conflict_but_love_covers_over_all_wrongs	
581_(Proverbs 10:12)-c1	578_(Proverbs 10:12)-c2	AndreaMariaC	2.0		Hatred_stirs_up_conflict_but_love_covers_over_all_wrongs	
581_(Proverbs 10:12)-c1	578_(Proverbs 10:12)-c2	Nisha	2.0		Hatred_stirs_up_conflict_but_love_covers_over_all_wrongs	
582_(Proverbs 10:12)-c1	578_(Proverbs 10:12)-c2	AndreaMariaC	3.0		Hatred_stirs_up_conflict_but_love_covers_over_all_wrongs	
582_(Proverbs 10:12)-c1	578_(Proverbs 10:12)-c2	Nisha	1.0		Hatred_stirs_up_conflict_but_love_covers_over_all_wrongs	
582_(Proverbs 10:12)-c1	578_(Proverbs 10:12)-c2	shur	1.0		Hatred_stirs_up_conflict_but_love_covers_over_all_wrongs	
577_(Proverbs 10:12)-c1	578_(Proverbs 10:12)-c2	AndreaMariaC	4.0		Hatred_stirs_up_conflict_but_love_covers_over_all_wrongs	
577_(Proverbs 10:12)-c1	578_(Proverbs 10:12)-c2	Nisha	4.0		Hatred_stirs_up_conflict_but_love_covers_over_all_wrongs	
584_(Proverbs 10:12)-c2	578_(Proverbs 10:12)-c2	Nisha	1.0		Hatred_stirs_up_conflict_but_love_covers_over_all_wrongs	
584_(Proverbs 10:12)-c2	578_(Proverbs 10:12)-c2	AndreaMariaC	2.0		Hatred_stirs_up_conflict_but_love_covers_over_all_wrongs	
582_(Proverbs 10:12)-c2	578_(Proverbs 10:12)-c2	AndreaMariaC	2.0		Hatred_stirs_up_conflict_but_love_covers_over_all_wrongs	
582_(Proverbs 10:12)-c2	578_(Proverbs 10:12)-c2	Nisha	2.0		Hatred_stirs_up_conflict_but_love_covers_over_all_wrongs	
582_(Proverbs 10:12)-c2	578_(Proverbs 10:12)-c2	shur	1.0		Hatred_stirs_up_conflict_but_love_covers_over_all_wrongs	
581_(Proverbs 10:12)-c2	578_(Proverbs 10:12)-c2	AndreaMariaC	2.0		Hatred_stirs_up_conflict_but_love_covers_over_all_wrongs	
581_(Proverbs 10:12)-c2	578_(Proverbs 10:12)-c2	Nisha	2.0		Hatred_stirs_up_conflict_but_love_covers_over_all_wrongs	
573_(Proverbs 10:12)-c2	578_(Proverbs 10:12)-c2	Nisha	3.0		Hatred_stirs_up_conflict_but_love_covers_over_all_wrongs	
573_(Proverbs 10:12)-c2	578_(Proverbs 10:12)-c2	AndreaMariaC	2.0		Hatred_stirs_up_conflict_but_love_covers_over_all_wrongs	
573_(Proverbs 10:12)-c2	578_(Proverbs 10:12)-c2	shur	2.0		Hatred_stirs_up_conflict_but_love_covers_over_all_wrongs	
576_(Proverbs 10:12)-c2	573_(Proverbs 10:12)-c1	AndreaMariaC	2.0		Hatred_stirs_up_conflict_but_love_covers_over_all_wrongs	
576_(Proverbs 10:12)-c2	573_(Proverbs 10:12)-c1	Nisha	1.0		Hatred_stirs_up_conflict_but_love_covers_over_all_wrongs	
576_(Proverbs 10:12)-c2	573_(Proverbs 10:12)-c1	shur	1.0		Hatred_stirs_up_conflict_but_love_covers_over_all_wrongs	
579_(Proverbs 10:12)-c2	573_(Proverbs 10:12)-c1	AndreaMariaC	2.0		Hatred_stirs_up_conflict_but_love_covers_over_all_wrongs	
579_(Proverbs 10:12)-c2	573_(Proverbs 10:12)-c1	Nisha	2.0		Hatred_stirs_up_conflict_but_love_covers_over_all_wrongs	
579_(Proverbs 10:12)-c1	573_(Proverbs 10:12)-c1	Nisha	2.0		Hatred_stirs_up_conflict_but_love_covers_over_all_wrongs	
579_(Proverbs 10:12)-c1	573_(Proverbs 10:12)-c1	AndreaMariaC	2.0		Hatred_stirs_up_conflict_but_love_covers_over_all_wrongs	
580_(Proverbs 10:12)-c1	573_(Proverbs 10:12)-c1	AndreaMariaC	2.0		Hatred_stirs_up_conflict_but_love_covers_over_all_wrongs	
580_(Proverbs 10:12)-c1	573_(Proverbs 10:12)-c1	Nisha	2.0		Hatred_stirs_up_conflict_but_love_covers_over_all_wrongs	
580_(Proverbs 10:12)-c1	573_(Proverbs 10:12)-c1	shur	2.0		Hatred_stirs_up_conflict_but_love_covers_over_all_wrongs	
577_(Proverbs 10:12)-c2	573_(Proverbs 10:12)-c1	Nisha	1.0		Hatred_stirs_up_conflict_but_love_covers_over_all_wrongs	
577_(Proverbs 10:12)-c2	573_(Proverbs 10:12)-c1	AndreaMariaC	2.0		Hatred_stirs_up_conflict_but_love_covers_over_all_wrongs	
582_(Proverbs 10:12)-c1	573_(Proverbs 10:12)-c1	AndreaMariaC	2.0		Hatred_stirs_up_conflict_but_love_covers_over_all_wrongs	
582_(Proverbs 10:12)-c1	573_(Proverbs 10:12)-c1	Nisha	1.0		Hatred_stirs_up_conflict_but_love_covers_over_all_wrongs	
582_(Proverbs 10:12)-c1	573_(Proverbs 10:12)-c1	shur	2.0		Hatred_stirs_up_conflict_but_love_covers_over_all_wrongs	
584_(Proverbs 10:12)-c1	573_(Proverbs 10:12)-c1	Nisha	1.0		Hatred_stirs_up_conflict_but_love_covers_over_all_wrongs	
584_(Proverbs 10:12)-c1	573_(Proverbs 10:12)-c1	AndreaMariaC	2.0		Hatred_stirs_up_conflict_but_love_covers_over_all_wrongs	
584_(Proverbs 10:12)-c1	573_(Proverbs 10:12)-c1	shur	1.0		Hatred_stirs_up_conflict_but_love_covers_over_all_wrongs	
584_(Proverbs 10:12)-c2	573_(Proverbs 10:12)-c1	AndreaMariaC	2.0		Hatred_stirs_up_conflict_but_love_covers_over_all_wrongs	
584_(Proverbs 10:12)-c2	573_(Proverbs 10:12)-c1	Nisha	2.0		Hatred_stirs_up_conflict_but_love_covers_over_all_wrongs	
584_(Proverbs 10:12)-c2	573_(Proverbs 10:12)-c1	shur	3.0		Hatred_stirs_up_conflict_but_love_covers_over_all_wrongs	
581_(Proverbs 10:12)-c2	573_(Proverbs 10:12)-c1	Nisha	2.0		Hatred_stirs_up_conflict_but_love_covers_over_all_wrongs	
581_(Proverbs 10:12)-c2	573_(Proverbs 10:12)-c1	AndreaMariaC	2.0		Hatred_stirs_up_conflict_but_love_covers_over_all_wrongs	
573_(Proverbs 10:12)-c2	573_(Proverbs 10:12)-c1	Nisha	2.0		Hatred_stirs_up_conflict_but_love_covers_over_all_wrongs	
573_(Proverbs 10:12)-c2	573_(Proverbs 10:12)-c1	AndreaMariaC	3.0		Hatred_stirs_up_conflict_but_love_covers_over_all_wrongs	
585_(Proverbs 10:12)-c1	573_(Proverbs 10:12)-c1	Nisha	2.0		Hatred_stirs_up_conflict_but_love_covers_over_all_wrongs	
585_(Proverbs 10:12)-c1	573_(Proverbs 10:12)-c1	AndreaMariaC	2.0		Hatred_stirs_up_conflict_but_love_covers_over_all_wrongs	
576_(Proverbs 10:12)-c2	572_(Proverbs 10:12)-c2	AndreaMariaC	2.0		Hatred_stirs_up_conflict_but_love_covers_over_all_wrongs	
576_(Proverbs 10:12)-c2	572_(Proverbs 10:12)-c2	Nisha	1.0		Hatred_stirs_up_conflict_but_love_covers_over_all_wrongs	
577_(Proverbs 10:12)-c1	572_(Proverbs 10:12)-c2	AndreaMariaC	2.0		Hatred_stirs_up_conflict_but_love_covers_over_all_wrongs	
577_(Proverbs 10:12)-c1	572_(Proverbs 10:12)-c2	Nisha	2.0		Hatred_stirs_up_conflict_but_love_covers_over_all_wrongs	
585_(Proverbs 10:12)-c1	572_(Proverbs 10:12)-c2	AndreaMariaC	3.0		Hatred_stirs_up_conflict_but_love_covers_over_all_wrongs	
585_(Proverbs 10:12)-c1	572_(Proverbs 10:12)-c2	Nisha	2.0		Hatred_stirs_up_conflict_but_love_covers_over_all_wrongs	
585_(Proverbs 10:12)-c1	572_(Proverbs 10:12)-c2	shur	3.0		Hatred_stirs_up_conflict_but_love_covers_over_all_wrongs	
580_(Proverbs 10:12)-c2	582_(Proverbs 10:12)-c1	Nisha	1.0		Hatred_stirs_up_conflict_but_love_covers_over_all_wrongs	
580_(Proverbs 10:12)-c2	582_(Proverbs 10:12)-c1	AndreaMariaC	3.0		Hatred_stirs_up_conflict_but_love_covers_over_all_wrongs	
572_(Proverbs 10:12)-c1	582_(Proverbs 10:12)-c1	AndreaMariaC	3.0		Hatred_stirs_up_conflict_but_love_covers_over_all_wrongs	
572_(Proverbs 10:12)-c1	582_(Proverbs 10:12)-c1	Nisha	1.0		Hatred_stirs_up_conflict_but_love_covers_over_all_wrongs	
572_(Proverbs 10:12)-c1	582_(Proverbs 10:12)-c1	shur	2.0		Hatred_stirs_up_conflict_but_love_covers_over_all_wrongs	
571_(Proverbs 10:12)-c1	582_(Proverbs 10:12)-c1	AndreaMariaC	3.0		Hatred_stirs_up_conflict_but_love_covers_over_all_wrongs	
571_(Proverbs 10:12)-c1	582_(Proverbs 10:12)-c1	Nisha	2.0		Hatred_stirs_up_conflict_but_love_covers_over_all_wrongs	
571_(Proverbs 10:12)-c1	582_(Proverbs 10:12)-c1	shur	3.0		Hatred_stirs_up_conflict_but_love_covers_over_all_wrongs	
579_(Proverbs 10:12)-c1	582_(Proverbs 10:12)-c1	AndreaMariaC	3.0		Hatred_stirs_up_conflict_but_love_covers_over_all_wrongs	
579_(Proverbs 10:12)-c1	582_(Proverbs 10:12)-c1	Nisha	2.0		Hatred_stirs_up_conflict_but_love_covers_over_all_wrongs	
580_(Proverbs 10:12)-c1	582_(Proverbs 10:12)-c1	Nisha	3.0		Hatred_stirs_up_conflict_but_love_covers_over_all_wrongs	
580_(Proverbs 10:12)-c1	582_(Proverbs 10:12)-c1	AndreaMariaC	3.0		Hatred_stirs_up_conflict_but_love_covers_over_all_wrongs	
580_(Proverbs 10:12)-c1	582_(Proverbs 10:12)-c1	shur	3.0		Hatred_stirs_up_conflict_but_love_covers_over_all_wrongs	
580_(Proverbs 10:12)-c2	576_(Proverbs 10:12)-c2	AndreaMariaC	2.0		Hatred_stirs_up_conflict_but_love_covers_over_all_wrongs	
580_(Proverbs 10:12)-c2	576_(Proverbs 10:12)-c2	Nisha	1.0		Hatred_stirs_up_conflict_but_love_covers_over_all_wrongs	
580_(Proverbs 10:12)-c2	576_(Proverbs 10:12)-c2	shur	1.0		Hatred_stirs_up_conflict_but_love_covers_over_all_wrongs	
584_(Proverbs 10:12)-c2	576_(Proverbs 10:12)-c2	AndreaMariaC	2.0		Hatred_stirs_up_conflict_but_love_covers_over_all_wrongs	
584_(Proverbs 10:12)-c2	576_(Proverbs 10:12)-c2	Nisha	1.0		Hatred_stirs_up_conflict_but_love_covers_over_all_wrongs	
581_(Proverbs 10:12)-c2	576_(Proverbs 10:12)-c2	AndreaMariaC	2.0		Hatred_stirs_up_conflict_but_love_covers_over_all_wrongs	
581_(Proverbs 10:12)-c2	576_(Proverbs 10:12)-c2	Nisha	1.0		Hatred_stirs_up_conflict_but_love_covers_over_all_wrongs	
580_(Proverbs 10:12)-c2	581_(Proverbs 10:12)-c2	AndreaMariaC	2.0		Hatred_stirs_up_conflict_but_love_covers_over_all_wrongs	
580_(Proverbs 10:12)-c2	581_(Proverbs 10:12)-c2	Nisha	1.0		Hatred_stirs_up_conflict_but_love_covers_over_all_wrongs	
580_(Proverbs 10:12)-c2	581_(Proverbs 10:12)-c2	shur	1.0		Hatred_stirs_up_conflict_but_love_covers_over_all_wrongs	
580_(Proverbs 10:12)-c1	581_(Proverbs 10:12)-c2	AndreaMariaC	2.0		Hatred_stirs_up_conflict_but_love_covers_over_all_wrongs	
580_(Proverbs 10:12)-c1	581_(Proverbs 10:12)-c2	Nisha	3.0		Hatred_stirs_up_conflict_but_love_covers_over_all_wrongs	
580_(Proverbs 10:12)-c1	581_(Proverbs 10:12)-c2	shur	3.0		Hatred_stirs_up_conflict_but_love_covers_over_all_wrongs	
580_(Proverbs 10:12)-c2	572_(Proverbs 10:12)-c1	AndreaMariaC	2.0		Hatred_stirs_up_conflict_but_love_covers_over_all_wrongs	
580_(Proverbs 10:12)-c2	572_(Proverbs 10:12)-c1	Nisha	1.0		Hatred_stirs_up_conflict_but_love_covers_over_all_wrongs	
577_(Proverbs 10:12)-c2	572_(Proverbs 10:12)-c1	AndreaMariaC	2.0		Hatred_stirs_up_conflict_but_love_covers_over_all_wrongs	
577_(Proverbs 10:12)-c2	572_(Proverbs 10:12)-c1	Nisha	1.0		Hatred_stirs_up_conflict_but_love_covers_over_all_wrongs	
577_(Proverbs 10:12)-c2	572_(Proverbs 10:12)-c1	shur	1.0		Hatred_stirs_up_conflict_but_love_covers_over_all_wrongs	
582_(Proverbs 10:12)-c2	572_(Proverbs 10:12)-c1	Nisha	2.0		Hatred_stirs_up_conflict_but_love_covers_over_all_wrongs	
582_(Proverbs 10:12)-c2	572_(Proverbs 10:12)-c1	AndreaMariaC	2.0		Hatred_stirs_up_conflict_but_love_covers_over_all_wrongs	
582_(Proverbs 10:12)-c2	572_(Proverbs 10:12)-c1	shur	3.0		Hatred_stirs_up_conflict_but_love_covers_over_all_wrongs	
585_(Proverbs 10:12)-c1	572_(Proverbs 10:12)-c1	Nisha	1.0		Hatred_stirs_up_conflict_but_love_covers_over_all_wrongs	
585_(Proverbs 10:12)-c1	572_(Proverbs 10:12)-c1	AndreaMariaC	2.0		Hatred_stirs_up_conflict_but_love_covers_over_all_wrongs	
585_(Proverbs 10:12)-c1	572_(Proverbs 10:12)-c1	shur	2.0		Hatred_stirs_up_conflict_but_love_covers_over_all_wrongs	
580_(Proverbs 10:12)-c2	573_(Proverbs 10:12)-c2	AndreaMariaC	2.0		Hatred_stirs_up_conflict_but_love_covers_over_all_wrongs	
580_(Proverbs 10:12)-c2	573_(Proverbs 10:12)-c2	Nisha	1.0		Hatred_stirs_up_conflict_but_love_covers_over_all_wrongs	
580_(Proverbs 10:12)-c2	573_(Proverbs 10:12)-c2	shur	1.0		Hatred_stirs_up_conflict_but_love_covers_over_all_wrongs	
571_(Proverbs 10:12)-c2	573_(Proverbs 10:12)-c2	AndreaMariaC	2.0		Hatred_stirs_up_conflict_but_love_covers_over_all_wrongs	
571_(Proverbs 10:12)-c2	573_(Proverbs 10:12)-c2	Nisha	2.0		Hatred_stirs_up_conflict_but_love_covers_over_all_wrongs	
571_(Proverbs 10:12)-c2	573_(Proverbs 10:12)-c2	shur	1.0		Hatred_stirs_up_conflict_but_love_covers_over_all_wrongs	
577_(Proverbs 10:12)-c2	573_(Proverbs 10:12)-c2	AndreaMariaC	2.0		Hatred_stirs_up_conflict_but_love_covers_over_all_wrongs	
577_(Proverbs 10:12)-c2	573_(Proverbs 10:12)-c2	Nisha	1.0		Hatred_stirs_up_conflict_but_love_covers_over_all_wrongs	
582_(Proverbs 10:12)-c1	573_(Proverbs 10:12)-c2	AndreaMariaC	2.0		Hatred_stirs_up_conflict_but_love_covers_over_all_wrongs	
582_(Proverbs 10:12)-c1	573_(Proverbs 10:12)-c2	Nisha	2.0		Hatred_stirs_up_conflict_but_love_covers_over_all_wrongs	
582_(Proverbs 10:12)-c1	573_(Proverbs 10:12)-c2	shur	2.0		Hatred_stirs_up_conflict_but_love_covers_over_all_wrongs	
584_(Proverbs 10:12)-c1	573_(Proverbs 10:12)-c2	AndreaMariaC	2.0		Hatred_stirs_up_conflict_but_love_covers_over_all_wrongs	
584_(Proverbs 10:12)-c1	573_(Proverbs 10:12)-c2	Nisha	1.0		Hatred_stirs_up_conflict_but_love_covers_over_all_wrongs	
582_(Proverbs 10:12)-c2	573_(Proverbs 10:12)-c2	AndreaMariaC	3.0		Hatred_stirs_up_conflict_but_love_covers_over_all_wrongs	
582_(Proverbs 10:12)-c2	573_(Proverbs 10:12)-c2	Nisha	2.0		Hatred_stirs_up_conflict_but_love_covers_over_all_wrongs	
580_(Proverbs 10:12)-c2	585_(Proverbs 10:12)-c1	AndreaMariaC	2.0		Hatred_stirs_up_conflict_but_love_covers_over_all_wrongs	
580_(Proverbs 10:12)-c2	585_(Proverbs 10:12)-c1	Nisha	1.0		Hatred_stirs_up_conflict_but_love_covers_over_all_wrongs	
580_(Proverbs 10:12)-c2	585_(Proverbs 10:12)-c1	shur	2.0		Hatred_stirs_up_conflict_but_love_covers_over_all_wrongs	
579_(Proverbs 10:12)-c1	585_(Proverbs 10:12)-c1	AndreaMariaC	3.0		Hatred_stirs_up_conflict_but_love_covers_over_all_wrongs	
579_(Proverbs 10:12)-c1	585_(Proverbs 10:12)-c1	Nisha	2.0		Hatred_stirs_up_conflict_but_love_covers_over_all_wrongs	
580_(Proverbs 10:12)-c1	585_(Proverbs 10:12)-c1	AndreaMariaC	3.0		Hatred_stirs_up_conflict_but_love_covers_over_all_wrongs	
580_(Proverbs 10:12)-c1	585_(Proverbs 10:12)-c1	Nisha	2.0		Hatred_stirs_up_conflict_but_love_covers_over_all_wrongs	
580_(Proverbs 10:12)-c1	585_(Proverbs 10:12)-c1	shur	3.0		Hatred_stirs_up_conflict_but_love_covers_over_all_wrongs	
580_(Proverbs 10:12)-c2	577_(Proverbs 10:12)-c2	AndreaMariaC	2.0		Hatred_stirs_up_conflict_but_love_covers_over_all_wrongs	
580_(Proverbs 10:12)-c2	577_(Proverbs 10:12)-c2	Nisha	1.0		Hatred_stirs_up_conflict_but_love_covers_over_all_wrongs	
581_(Proverbs 10:12)-c1	577_(Proverbs 10:12)-c2	AndreaMariaC	2.0		Hatred_stirs_up_conflict_but_love_covers_over_all_wrongs	
581_(Proverbs 10:12)-c1	577_(Proverbs 10:12)-c2	Nisha	1.0		Hatred_stirs_up_conflict_but_love_covers_over_all_wrongs	
571_(Proverbs 10:12)-c2	577_(Proverbs 10:12)-c2	Nisha	1.0		Hatred_stirs_up_conflict_but_love_covers_over_all_wrongs	
571_(Proverbs 10:12)-c2	577_(Proverbs 10:12)-c2	AndreaMariaC	2.0		Hatred_stirs_up_conflict_but_love_covers_over_all_wrongs	
580_(Proverbs 10:12)-c2	579_(Proverbs 10:12)-c2	Nisha	2.0		Hatred_stirs_up_conflict_but_love_covers_over_all_wrongs	
580_(Proverbs 10:12)-c2	579_(Proverbs 10:12)-c2	AndreaMariaC	3.0		Hatred_stirs_up_conflict_but_love_covers_over_all_wrongs	
580_(Proverbs 10:12)-c2	579_(Proverbs 10:12)-c2	shur	1.0		Hatred_stirs_up_conflict_but_love_covers_over_all_wrongs	
577_(Proverbs 10:12)-c2	579_(Proverbs 10:12)-c2	AndreaMariaC	2.0		Hatred_stirs_up_conflict_but_love_covers_over_all_wrongs	
577_(Proverbs 10:12)-c2	579_(Proverbs 10:12)-c2	Nisha	1.0		Hatred_stirs_up_conflict_but_love_covers_over_all_wrongs	
575_(Proverbs 10:12)-c1	579_(Proverbs 10:12)-c2	Nisha	3.0		Hatred_stirs_up_conflict_but_love_covers_over_all_wrongs	
575_(Proverbs 10:12)-c1	579_(Proverbs 10:12)-c2	AndreaMariaC	3.0		Hatred_stirs_up_conflict_but_love_covers_over_all_wrongs	
577_(Proverbs 10:12)-c1	579_(Proverbs 10:12)-c2	AndreaMariaC	3.0		Hatred_stirs_up_conflict_but_love_covers_over_all_wrongs	
577_(Proverbs 10:12)-c1	579_(Proverbs 10:12)-c2	Nisha	1.0		Hatred_stirs_up_conflict_but_love_covers_over_all_wrongs	
584_(Proverbs 10:12)-c2	579_(Proverbs 10:12)-c2	AndreaMariaC	3.0		Hatred_stirs_up_conflict_but_love_covers_over_all_wrongs	
584_(Proverbs 10:12)-c2	579_(Proverbs 10:12)-c2	Nisha	3.0		Hatred_stirs_up_conflict_but_love_covers_over_all_wrongs	
580_(Proverbs 10:12)-c2	576_(Proverbs 10:12)-c1	Nisha	1.0		Hatred_stirs_up_conflict_but_love_covers_over_all_wrongs	
580_(Proverbs 10:12)-c2	576_(Proverbs 10:12)-c1	AndreaMariaC	2.0		Hatred_stirs_up_conflict_but_love_covers_over_all_wrongs	
580_(Proverbs 10:12)-c2	576_(Proverbs 10:12)-c1	shur	1.0		Hatred_stirs_up_conflict_but_love_covers_over_all_wrongs	
579_(Proverbs 10:12)-c1	576_(Proverbs 10:12)-c1	AndreaMariaC	2.0		Hatred_stirs_up_conflict_but_love_covers_over_all_wrongs	
579_(Proverbs 10:12)-c1	576_(Proverbs 10:12)-c1	Nisha	1.0		Hatred_stirs_up_conflict_but_love_covers_over_all_wrongs	
581_(Proverbs 10:12)-c1	576_(Proverbs 10:12)-c1	Nisha	1.0		Hatred_stirs_up_conflict_but_love_covers_over_all_wrongs	
581_(Proverbs 10:12)-c1	576_(Proverbs 10:12)-c1	AndreaMariaC	2.0		Hatred_stirs_up_conflict_but_love_covers_over_all_wrongs	
572_(Proverbs 10:12)-c2	576_(Proverbs 10:12)-c1	Nisha	1.0		Hatred_stirs_up_conflict_but_love_covers_over_all_wrongs	
572_(Proverbs 10:12)-c2	576_(Proverbs 10:12)-c1	AndreaMariaC	2.0		Hatred_stirs_up_conflict_but_love_covers_over_all_wrongs	
584_(Proverbs 10:12)-c1	576_(Proverbs 10:12)-c1	Nisha	1.0		Hatred_stirs_up_conflict_but_love_covers_over_all_wrongs	
584_(Proverbs 10:12)-c1	576_(Proverbs 10:12)-c1	AndreaMariaC	2.0		Hatred_stirs_up_conflict_but_love_covers_over_all_wrongs	
582_(Proverbs 10:12)-c2	576_(Proverbs 10:12)-c1	Nisha	1.0		Hatred_stirs_up_conflict_but_love_covers_over_all_wrongs	
582_(Proverbs 10:12)-c2	576_(Proverbs 10:12)-c1	AndreaMariaC	2.0		Hatred_stirs_up_conflict_but_love_covers_over_all_wrongs	
582_(Proverbs 10:12)-c2	576_(Proverbs 10:12)-c1	shur	1.0		Hatred_stirs_up_conflict_but_love_covers_over_all_wrongs	
585_(Proverbs 10:12)-c2	576_(Proverbs 10:12)-c1	AndreaMariaC	2.0		Hatred_stirs_up_conflict_but_love_covers_over_all_wrongs	
585_(Proverbs 10:12)-c2	576_(Proverbs 10:12)-c1	Nisha	1.0		Hatred_stirs_up_conflict_but_love_covers_over_all_wrongs	
573_(Proverbs 10:12)-c1	576_(Proverbs 10:12)-c1	AndreaMariaC	2.0		Hatred_stirs_up_conflict_but_love_covers_over_all_wrongs	
573_(Proverbs 10:12)-c1	576_(Proverbs 10:12)-c1	Nisha	1.0		Hatred_stirs_up_conflict_but_love_covers_over_all_wrongs	
573_(Proverbs 10:12)-c1	576_(Proverbs 10:12)-c1	shur	1.0		Hatred_stirs_up_conflict_but_love_covers_over_all_wrongs	
580_(Proverbs 10:12)-c2	577_(Proverbs 10:12)-c1	Nisha	2.0		Hatred_stirs_up_conflict_but_love_covers_over_all_wrongs	
580_(Proverbs 10:12)-c2	577_(Proverbs 10:12)-c1	AndreaMariaC	3.0		Hatred_stirs_up_conflict_but_love_covers_over_all_wrongs	
579_(Proverbs 10:12)-c1	577_(Proverbs 10:12)-c1	AndreaMariaC	2.0		Hatred_stirs_up_conflict_but_love_covers_over_all_wrongs	
579_(Proverbs 10:12)-c1	577_(Proverbs 10:12)-c1	Nisha	2.0		Hatred_stirs_up_conflict_but_love_covers_over_all_wrongs	
579_(Proverbs 10:12)-c1	577_(Proverbs 10:12)-c1	shur	1.0		Hatred_stirs_up_conflict_but_love_covers_over_all_wrongs	
581_(Proverbs 10:12)-c1	577_(Proverbs 10:12)-c1	AndreaMariaC	2.0		Hatred_stirs_up_conflict_but_love_covers_over_all_wrongs	
581_(Proverbs 10:12)-c1	577_(Proverbs 10:12)-c1	Nisha	2.0		Hatred_stirs_up_conflict_but_love_covers_over_all_wrongs	
584_(Proverbs 10:12)-c2	577_(Proverbs 10:12)-c1	AndreaMariaC	2.0		Hatred_stirs_up_conflict_but_love_covers_over_all_wrongs	
584_(Proverbs 10:12)-c2	577_(Proverbs 10:12)-c1	Nisha	3.0		Hatred_stirs_up_conflict_but_love_covers_over_all_wrongs	
584_(Proverbs 10:12)-c2	577_(Proverbs 10:12)-c1	shur	2.0		Hatred_stirs_up_conflict_but_love_covers_over_all_wrongs	
580_(Proverbs 10:12)-c2	584_(Proverbs 10:12)-c2	AndreaMariaC	3.0		Hatred_stirs_up_conflict_but_love_covers_over_all_wrongs	
580_(Proverbs 10:12)-c2	584_(Proverbs 10:12)-c2	Nisha	1.0		Hatred_stirs_up_conflict_but_love_covers_over_all_wrongs	
580_(Proverbs 10:12)-c2	584_(Proverbs 10:12)-c2	shur	3.0		Hatred_stirs_up_conflict_but_love_covers_over_all_wrongs	
571_(Proverbs 10:12)-c1	584_(Proverbs 10:12)-c2	Nisha	2.0		Hatred_stirs_up_conflict_but_love_covers_over_all_wrongs	
571_(Proverbs 10:12)-c1	584_(Proverbs 10:12)-c2	AndreaMariaC	4.0		Hatred_stirs_up_conflict_but_love_covers_over_all_wrongs	
571_(Proverbs 10:12)-c1	584_(Proverbs 10:12)-c2	shur	3.0		Hatred_stirs_up_conflict_but_love_covers_over_all_wrongs	
580_(Proverbs 10:12)-c1	584_(Proverbs 10:12)-c2	AndreaMariaC	3.0		Hatred_stirs_up_conflict_but_love_covers_over_all_wrongs	
580_(Proverbs 10:12)-c1	584_(Proverbs 10:12)-c2	Nisha	2.0		Hatred_stirs_up_conflict_but_love_covers_over_all_wrongs	
580_(Proverbs 10:12)-c1	584_(Proverbs 10:12)-c2	shur	4.0		Hatred_stirs_up_conflict_but_love_covers_over_all_wrongs	
580_(Proverbs 10:12)-c2	581_(Proverbs 10:12)-c1	Nisha	3.0		Hatred_stirs_up_conflict_but_love_covers_over_all_wrongs	
580_(Proverbs 10:12)-c2	581_(Proverbs 10:12)-c1	AndreaMariaC	3.0		Hatred_stirs_up_conflict_but_love_covers_over_all_wrongs	
580_(Proverbs 10:12)-c2	581_(Proverbs 10:12)-c1	shur	4.0		Hatred_stirs_up_conflict_but_love_covers_over_all_wrongs	
572_(Proverbs 10:12)-c1	583_(Proverbs 10:12)-c1	Nisha	2.0		Hatred_stirs_up_conflict_but_love_covers_over_all_wrongs	
572_(Proverbs 10:12)-c1	583_(Proverbs 10:12)-c1	AndreaMariaC	3.0		Hatred_stirs_up_conflict_but_love_covers_over_all_wrongs	
572_(Proverbs 10:12)-c1	583_(Proverbs 10:12)-c1	shur	3.0		Hatred_stirs_up_conflict_but_love_covers_over_all_wrongs	
579_(Proverbs 10:12)-c2	583_(Proverbs 10:12)-c1	Nisha	1.0		Hatred_stirs_up_conflict_but_love_covers_over_all_wrongs	
579_(Proverbs 10:12)-c2	583_(Proverbs 10:12)-c1	AndreaMariaC	2.0		Hatred_stirs_up_conflict_but_love_covers_over_all_wrongs	
579_(Proverbs 10:12)-c2	583_(Proverbs 10:12)-c1	shur	1.0		Hatred_stirs_up_conflict_but_love_covers_over_all_wrongs	
571_(Proverbs 10:12)-c1	583_(Proverbs 10:12)-c1	AndreaMariaC	3.0		Hatred_stirs_up_conflict_but_love_covers_over_all_wrongs	
571_(Proverbs 10:12)-c1	583_(Proverbs 10:12)-c1	Nisha	3.0		Hatred_stirs_up_conflict_but_love_covers_over_all_wrongs	
571_(Proverbs 10:12)-c1	583_(Proverbs 10:12)-c1	shur	2.0		Hatred_stirs_up_conflict_but_love_covers_over_all_wrongs	
574_(Proverbs 10:12)-c2	583_(Proverbs 10:12)-c1	Nisha	2.0		Hatred_stirs_up_conflict_but_love_covers_over_all_wrongs	
574_(Proverbs 10:12)-c2	583_(Proverbs 10:12)-c1	AndreaMariaC	2.0		Hatred_stirs_up_conflict_but_love_covers_over_all_wrongs	
574_(Proverbs 10:12)-c2	583_(Proverbs 10:12)-c1	shur	2.0		Hatred_stirs_up_conflict_but_love_covers_over_all_wrongs	
571_(Proverbs 10:12)-c2	583_(Proverbs 10:12)-c1	AndreaMariaC	2.0		Hatred_stirs_up_conflict_but_love_covers_over_all_wrongs	
571_(Proverbs 10:12)-c2	583_(Proverbs 10:12)-c1	Nisha	1.0		Hatred_stirs_up_conflict_but_love_covers_over_all_wrongs	
571_(Proverbs 10:12)-c2	583_(Proverbs 10:12)-c1	shur	1.0		Hatred_stirs_up_conflict_but_love_covers_over_all_wrongs	
580_(Proverbs 10:12)-c1	583_(Proverbs 10:12)-c1	Nisha	2.0		Hatred_stirs_up_conflict_but_love_covers_over_all_wrongs	
580_(Proverbs 10:12)-c1	583_(Proverbs 10:12)-c1	AndreaMariaC	2.0		Hatred_stirs_up_conflict_but_love_covers_over_all_wrongs	
577_(Proverbs 10:12)-c2	583_(Proverbs 10:12)-c1	Nisha	1.0		Hatred_stirs_up_conflict_but_love_covers_over_all_wrongs	
577_(Proverbs 10:12)-c2	583_(Proverbs 10:12)-c1	AndreaMariaC	3.0		Hatred_stirs_up_conflict_but_love_covers_over_all_wrongs	
577_(Proverbs 10:12)-c2	583_(Proverbs 10:12)-c1	shur	1.0		Hatred_stirs_up_conflict_but_love_covers_over_all_wrongs	
578_(Proverbs 10:12)-c1	583_(Proverbs 10:12)-c1	AndreaMariaC	3.0		Hatred_stirs_up_conflict_but_love_covers_over_all_wrongs	
578_(Proverbs 10:12)-c1	583_(Proverbs 10:12)-c1	Nisha	2.0		Hatred_stirs_up_conflict_but_love_covers_over_all_wrongs	
578_(Proverbs 10:12)-c1	583_(Proverbs 10:12)-c1	shur	3.0		Hatred_stirs_up_conflict_but_love_covers_over_all_wrongs	
574_(Proverbs 10:12)-c1	583_(Proverbs 10:12)-c1	AndreaMariaC	2.0		Hatred_stirs_up_conflict_but_love_covers_over_all_wrongs	
574_(Proverbs 10:12)-c1	583_(Proverbs 10:12)-c1	Nisha	2.0		Hatred_stirs_up_conflict_but_love_covers_over_all_wrongs	
574_(Proverbs 10:12)-c1	583_(Proverbs 10:12)-c1	shur	2.0		Hatred_stirs_up_conflict_but_love_covers_over_all_wrongs	
577_(Proverbs 10:12)-c1	583_(Proverbs 10:12)-c1	AndreaMariaC	3.0		Hatred_stirs_up_conflict_but_love_covers_over_all_wrongs	
577_(Proverbs 10:12)-c1	583_(Proverbs 10:12)-c1	Nisha	2.0		Hatred_stirs_up_conflict_but_love_covers_over_all_wrongs	
573_(Proverbs 10:12)-c2	583_(Proverbs 10:12)-c1	AndreaMariaC	3.0		Hatred_stirs_up_conflict_but_love_covers_over_all_wrongs	
573_(Proverbs 10:12)-c2	583_(Proverbs 10:12)-c1	Nisha	3.0		Hatred_stirs_up_conflict_but_love_covers_over_all_wrongs	
573_(Proverbs 10:12)-c2	583_(Proverbs 10:12)-c1	shur	1.0		Hatred_stirs_up_conflict_but_love_covers_over_all_wrongs	
585_(Proverbs 10:12)-c2	583_(Proverbs 10:12)-c1	AndreaMariaC	2.0		Hatred_stirs_up_conflict_but_love_covers_over_all_wrongs	
585_(Proverbs 10:12)-c2	583_(Proverbs 10:12)-c1	Nisha	2.0		Hatred_stirs_up_conflict_but_love_covers_over_all_wrongs	
585_(Proverbs 10:12)-c2	583_(Proverbs 10:12)-c1	shur	2.0		Hatred_stirs_up_conflict_but_love_covers_over_all_wrongs	
573_(Proverbs 10:12)-c1	583_(Proverbs 10:12)-c1	AndreaMariaC	2.0		Hatred_stirs_up_conflict_but_love_covers_over_all_wrongs	
573_(Proverbs 10:12)-c1	583_(Proverbs 10:12)-c1	Nisha	3.0		Hatred_stirs_up_conflict_but_love_covers_over_all_wrongs	
572_(Proverbs 10:12)-c1	575_(Proverbs 10:12)-c2	AndreaMariaC	2.0		Hatred_stirs_up_conflict_but_love_covers_over_all_wrongs	
572_(Proverbs 10:12)-c1	575_(Proverbs 10:12)-c2	Nisha	2.0		Hatred_stirs_up_conflict_but_love_covers_over_all_wrongs	
571_(Proverbs 10:12)-c2	575_(Proverbs 10:12)-c2	Nisha	1.0		Hatred_stirs_up_conflict_but_love_covers_over_all_wrongs	
571_(Proverbs 10:12)-c2	575_(Proverbs 10:12)-c2	AndreaMariaC	2.0		Hatred_stirs_up_conflict_but_love_covers_over_all_wrongs	
571_(Proverbs 10:12)-c2	575_(Proverbs 10:12)-c2	shur	1.0		Hatred_stirs_up_conflict_but_love_covers_over_all_wrongs	
580_(Proverbs 10:12)-c1	575_(Proverbs 10:12)-c2	AndreaMariaC	2.0		Hatred_stirs_up_conflict_but_love_covers_over_all_wrongs	
580_(Proverbs 10:12)-c1	575_(Proverbs 10:12)-c2	Nisha	1.0		Hatred_stirs_up_conflict_but_love_covers_over_all_wrongs	
583_(Proverbs 10:12)-c1	575_(Proverbs 10:12)-c2	AndreaMariaC	3.0		Hatred_stirs_up_conflict_but_love_covers_over_all_wrongs	
583_(Proverbs 10:12)-c1	575_(Proverbs 10:12)-c2	Nisha	2.0		Hatred_stirs_up_conflict_but_love_covers_over_all_wrongs	
584_(Proverbs 10:12)-c1	575_(Proverbs 10:12)-c2	AndreaMariaC	2.0		Hatred_stirs_up_conflict_but_love_covers_over_all_wrongs	
584_(Proverbs 10:12)-c1	575_(Proverbs 10:12)-c2	Nisha	1.0		Hatred_stirs_up_conflict_but_love_covers_over_all_wrongs	
574_(Proverbs 10:12)-c1	575_(Proverbs 10:12)-c2	AndreaMariaC	2.0		Hatred_stirs_up_conflict_but_love_covers_over_all_wrongs	
574_(Proverbs 10:12)-c1	575_(Proverbs 10:12)-c2	Nisha	1.0		Hatred_stirs_up_conflict_but_love_covers_over_all_wrongs	
574_(Proverbs 10:12)-c1	575_(Proverbs 10:12)-c2	shur	1.0		Hatred_stirs_up_conflict_but_love_covers_over_all_wrongs	
584_(Proverbs 10:12)-c2	575_(Proverbs 10:12)-c2	AndreaMariaC	2.0		Hatred_stirs_up_conflict_but_love_covers_over_all_wrongs	
584_(Proverbs 10:12)-c2	575_(Proverbs 10:12)-c2	Nisha	1.0		Hatred_stirs_up_conflict_but_love_covers_over_all_wrongs	
584_(Proverbs 10:12)-c2	575_(Proverbs 10:12)-c2	shur	2.0		Hatred_stirs_up_conflict_but_love_covers_over_all_wrongs	
581_(Proverbs 10:12)-c2	575_(Proverbs 10:12)-c2	Nisha	1.0		Hatred_stirs_up_conflict_but_love_covers_over_all_wrongs	
581_(Proverbs 10:12)-c2	575_(Proverbs 10:12)-c2	AndreaMariaC	2.0		Hatred_stirs_up_conflict_but_love_covers_over_all_wrongs	
579_(Proverbs 10:12)-c2	574_(Proverbs 10:12)-c1	Nisha	2.0		Hatred_stirs_up_conflict_but_love_covers_over_all_wrongs	
579_(Proverbs 10:12)-c2	574_(Proverbs 10:12)-c1	AndreaMariaC	2.0		Hatred_stirs_up_conflict_but_love_covers_over_all_wrongs	
571_(Proverbs 10:12)-c1	574_(Proverbs 10:12)-c1	AndreaMariaC	3.0		Hatred_stirs_up_conflict_but_love_covers_over_all_wrongs	
571_(Proverbs 10:12)-c1	574_(Proverbs 10:12)-c1	Nisha	3.0		Hatred_stirs_up_conflict_but_love_covers_over_all_wrongs	
571_(Proverbs 10:12)-c2	574_(Proverbs 10:12)-c1	AndreaMariaC	4.0		Hatred_stirs_up_conflict_but_love_covers_over_all_wrongs	
571_(Proverbs 10:12)-c2	574_(Proverbs 10:12)-c1	Nisha	1.0		Hatred_stirs_up_conflict_but_love_covers_over_all_wrongs	
584_(Proverbs 10:12)-c1	574_(Proverbs 10:12)-c1	AndreaMariaC	2.0		Hatred_stirs_up_conflict_but_love_covers_over_all_wrongs	
584_(Proverbs 10:12)-c1	574_(Proverbs 10:12)-c1	Nisha	1.0		Hatred_stirs_up_conflict_but_love_covers_over_all_wrongs	
584_(Proverbs 10:12)-c1	574_(Proverbs 10:12)-c1	shur	1.0		Hatred_stirs_up_conflict_but_love_covers_over_all_wrongs	
582_(Proverbs 10:12)-c2	574_(Proverbs 10:12)-c1	Nisha	3.0		Hatred_stirs_up_conflict_but_love_covers_over_all_wrongs	
582_(Proverbs 10:12)-c2	574_(Proverbs 10:12)-c1	AndreaMariaC	2.0		Hatred_stirs_up_conflict_but_love_covers_over_all_wrongs	
582_(Proverbs 10:12)-c2	574_(Proverbs 10:12)-c1	shur	2.0		Hatred_stirs_up_conflict_but_love_covers_over_all_wrongs	
573_(Proverbs 10:12)-c2	574_(Proverbs 10:12)-c1	Nisha	2.0		Hatred_stirs_up_conflict_but_love_covers_over_all_wrongs	
573_(Proverbs 10:12)-c2	574_(Proverbs 10:12)-c1	AndreaMariaC	2.0		Hatred_stirs_up_conflict_but_love_covers_over_all_wrongs	
579_(Proverbs 10:12)-c2	578_(Proverbs 10:12)-c1	AndreaMariaC	2.0		Hatred_stirs_up_conflict_but_love_covers_over_all_wrongs	
579_(Proverbs 10:12)-c2	578_(Proverbs 10:12)-c1	Nisha	2.0		Hatred_stirs_up_conflict_but_love_covers_over_all_wrongs	
579_(Proverbs 10:12)-c2	578_(Proverbs 10:12)-c1	shur	1.0		Hatred_stirs_up_conflict_but_love_covers_over_all_wrongs	
581_(Proverbs 10:12)-c1	578_(Proverbs 10:12)-c1	AndreaMariaC	3.0		Hatred_stirs_up_conflict_but_love_covers_over_all_wrongs	
581_(Proverbs 10:12)-c1	578_(Proverbs 10:12)-c1	Nisha	2.0		Hatred_stirs_up_conflict_but_love_covers_over_all_wrongs	
571_(Proverbs 10:12)-c2	578_(Proverbs 10:12)-c1	Nisha	3.0		Hatred_stirs_up_conflict_but_love_covers_over_all_wrongs	
571_(Proverbs 10:12)-c2	578_(Proverbs 10:12)-c1	AndreaMariaC	2.0		Hatred_stirs_up_conflict_but_love_covers_over_all_wrongs	
582_(Proverbs 10:12)-c1	578_(Proverbs 10:12)-c1	Nisha	1.0		Hatred_stirs_up_conflict_but_love_covers_over_all_wrongs	
582_(Proverbs 10:12)-c1	578_(Proverbs 10:12)-c1	AndreaMariaC	2.0		Hatred_stirs_up_conflict_but_love_covers_over_all_wrongs	
572_(Proverbs 10:12)-c2	578_(Proverbs 10:12)-c1	AndreaMariaC	4.0		Hatred_stirs_up_conflict_but_love_covers_over_all_wrongs	
572_(Proverbs 10:12)-c2	578_(Proverbs 10:12)-c1	Nisha	1.0		Hatred_stirs_up_conflict_but_love_covers_over_all_wrongs	
572_(Proverbs 10:12)-c2	578_(Proverbs 10:12)-c1	shur	3.0		Hatred_stirs_up_conflict_but_love_covers_over_all_wrongs	
577_(Proverbs 10:12)-c1	578_(Proverbs 10:12)-c1	AndreaMariaC	3.0		Hatred_stirs_up_conflict_but_love_covers_over_all_wrongs	
577_(Proverbs 10:12)-c1	578_(Proverbs 10:12)-c1	Nisha	3.0		Hatred_stirs_up_conflict_but_love_covers_over_all_wrongs	
582_(Proverbs 10:12)-c2	578_(Proverbs 10:12)-c1	Nisha	3.0		Hatred_stirs_up_conflict_but_love_covers_over_all_wrongs	
582_(Proverbs 10:12)-c2	578_(Proverbs 10:12)-c1	AndreaMariaC	2.0		Hatred_stirs_up_conflict_but_love_covers_over_all_wrongs	
571_(Proverbs 10:12)-c1	580_(Proverbs 10:12)-c1	Nisha	4.0		Hatred_stirs_up_conflict_but_love_covers_over_all_wrongs	
571_(Proverbs 10:12)-c1	580_(Proverbs 10:12)-c1	AndreaMariaC	3.0		Hatred_stirs_up_conflict_but_love_covers_over_all_wrongs	
571_(Proverbs 10:12)-c1	580_(Proverbs 10:12)-c2	AndreaMariaC	3.0		Hatred_stirs_up_conflict_but_love_covers_over_all_wrongs	
571_(Proverbs 10:12)-c1	580_(Proverbs 10:12)-c2	Nisha	3.0		Hatred_stirs_up_conflict_but_love_covers_over_all_wrongs	
571_(Proverbs 10:12)-c1	571_(Proverbs 10:12)-c2	AndreaMariaC	3.0		Hatred_stirs_up_conflict_but_love_covers_over_all_wrongs	
571_(Proverbs 10:12)-c1	571_(Proverbs 10:12)-c2	Nisha	2.0		Hatred_stirs_up_conflict_but_love_covers_over_all_wrongs	
571_(Proverbs 10:12)-c1	575_(Proverbs 10:12)-c1	Nisha	2.0		Hatred_stirs_up_conflict_but_love_covers_over_all_wrongs	
571_(Proverbs 10:12)-c1	575_(Proverbs 10:12)-c1	AndreaMariaC	4.0		Hatred_stirs_up_conflict_but_love_covers_over_all_wrongs	
571_(Proverbs 10:12)-c1	575_(Proverbs 10:12)-c1	shur	4.0		Hatred_stirs_up_conflict_but_love_covers_over_all_wrongs	
571_(Proverbs 10:12)-c2	575_(Proverbs 10:12)-c1	Nisha	1.0		Hatred_stirs_up_conflict_but_love_covers_over_all_wrongs	
571_(Proverbs 10:12)-c2	575_(Proverbs 10:12)-c1	AndreaMariaC	2.0		Hatred_stirs_up_conflict_but_love_covers_over_all_wrongs	
580_(Proverbs 10:12)-c1	575_(Proverbs 10:12)-c1	AndreaMariaC	3.0		Hatred_stirs_up_conflict_but_love_covers_over_all_wrongs	
580_(Proverbs 10:12)-c1	575_(Proverbs 10:12)-c1	Nisha	2.0		Hatred_stirs_up_conflict_but_love_covers_over_all_wrongs	
580_(Proverbs 10:12)-c1	575_(Proverbs 10:12)-c1	shur	3.0		Hatred_stirs_up_conflict_but_love_covers_over_all_wrongs	
581_(Proverbs 10:12)-c2	575_(Proverbs 10:12)-c1	AndreaMariaC	2.0		Hatred_stirs_up_conflict_but_love_covers_over_all_wrongs	
581_(Proverbs 10:12)-c2	575_(Proverbs 10:12)-c1	Nisha	3.0		Hatred_stirs_up_conflict_but_love_covers_over_all_wrongs	
581_(Proverbs 10:12)-c2	575_(Proverbs 10:12)-c1	shur	2.0		Hatred_stirs_up_conflict_but_love_covers_over_all_wrongs	
579_(Proverbs 10:12)-c1	584_(Proverbs 10:12)-c1	Nisha	1.0		Hatred_stirs_up_conflict_but_love_covers_over_all_wrongs	
579_(Proverbs 10:12)-c1	584_(Proverbs 10:12)-c1	AndreaMariaC	2.0		Hatred_stirs_up_conflict_but_love_covers_over_all_wrongs	
581_(Proverbs 10:12)-c2	584_(Proverbs 10:12)-c1	Nisha	1.0		Hatred_stirs_up_conflict_but_love_covers_over_all_wrongs	
581_(Proverbs 10:12)-c2	584_(Proverbs 10:12)-c1	AndreaMariaC	2.0		Hatred_stirs_up_conflict_but_love_covers_over_all_wrongs	
579_(Proverbs 10:12)-c1	585_(Proverbs 10:12)-c2	Nisha	2.0		Hatred_stirs_up_conflict_but_love_covers_over_all_wrongs	
579_(Proverbs 10:12)-c1	585_(Proverbs 10:12)-c2	AndreaMariaC	2.0		Hatred_stirs_up_conflict_but_love_covers_over_all_wrongs	
571_(Proverbs 10:12)-c2	585_(Proverbs 10:12)-c2	AndreaMariaC	2.0		Hatred_stirs_up_conflict_but_love_covers_over_all_wrongs	
571_(Proverbs 10:12)-c2	585_(Proverbs 10:12)-c2	Nisha	1.0		Hatred_stirs_up_conflict_but_love_covers_over_all_wrongs	
580_(Proverbs 10:12)-c1	585_(Proverbs 10:12)-c2	AndreaMariaC	2.0		Hatred_stirs_up_conflict_but_love_covers_over_all_wrongs	
580_(Proverbs 10:12)-c1	585_(Proverbs 10:12)-c2	Nisha	2.0		Hatred_stirs_up_conflict_but_love_covers_over_all_wrongs	
582_(Proverbs 10:12)-c1	585_(Proverbs 10:12)-c2	AndreaMariaC	2.0		Hatred_stirs_up_conflict_but_love_covers_over_all_wrongs	
582_(Proverbs 10:12)-c1	585_(Proverbs 10:12)-c2	Nisha	1.0		Hatred_stirs_up_conflict_but_love_covers_over_all_wrongs	
575_(Proverbs 10:12)-c1	585_(Proverbs 10:12)-c2	AndreaMariaC	3.0		Hatred_stirs_up_conflict_but_love_covers_over_all_wrongs	
575_(Proverbs 10:12)-c1	585_(Proverbs 10:12)-c2	Nisha	3.0		Hatred_stirs_up_conflict_but_love_covers_over_all_wrongs	
575_(Proverbs 10:12)-c1	585_(Proverbs 10:12)-c2	shur	1.0		Hatred_stirs_up_conflict_but_love_covers_over_all_wrongs	
584_(Proverbs 10:12)-c1	585_(Proverbs 10:12)-c2	AndreaMariaC	2.0		Hatred_stirs_up_conflict_but_love_covers_over_all_wrongs	
584_(Proverbs 10:12)-c1	585_(Proverbs 10:12)-c2	Nisha	1.0		Hatred_stirs_up_conflict_but_love_covers_over_all_wrongs	
582_(Proverbs 10:12)-c2	585_(Proverbs 10:12)-c2	Nisha	1.0		Hatred_stirs_up_conflict_but_love_covers_over_all_wrongs	
582_(Proverbs 10:12)-c2	585_(Proverbs 10:12)-c2	AndreaMariaC	2.0		Hatred_stirs_up_conflict_but_love_covers_over_all_wrongs	
573_(Proverbs 10:12)-c2	585_(Proverbs 10:12)-c2	AndreaMariaC	2.0		Hatred_stirs_up_conflict_but_love_covers_over_all_wrongs	
573_(Proverbs 10:12)-c2	585_(Proverbs 10:12)-c2	Nisha	1.0		Hatred_stirs_up_conflict_but_love_covers_over_all_wrongs	
571_(Proverbs 10:12)-c2	579_(Proverbs 10:12)-c1	Nisha	1.0		Hatred_stirs_up_conflict_but_love_covers_over_all_wrongs	
571_(Proverbs 10:12)-c2	579_(Proverbs 10:12)-c1	AndreaMariaC	2.0		Hatred_stirs_up_conflict_but_love_covers_over_all_wrongs	
571_(Proverbs 10:12)-c2	579_(Proverbs 10:12)-c1	shur	1.0		Hatred_stirs_up_conflict_but_love_covers_over_all_wrongs	
580_(Proverbs 10:12)-c1	579_(Proverbs 10:12)-c1	Nisha	2.0		Hatred_stirs_up_conflict_but_love_covers_over_all_wrongs	
580_(Proverbs 10:12)-c1	579_(Proverbs 10:12)-c1	AndreaMariaC	3.0		Hatred_stirs_up_conflict_but_love_covers_over_all_wrongs	
581_(Proverbs 10:12)-c2	579_(Proverbs 10:12)-c1	AndreaMariaC	3.0		Hatred_stirs_up_conflict_but_love_covers_over_all_wrongs	
581_(Proverbs 10:12)-c2	579_(Proverbs 10:12)-c1	Nisha	3.0		Hatred_stirs_up_conflict_but_love_covers_over_all_wrongs	
