lemma	pos	date	grouping	identifier	description	context	indexes_target_token	indexes_target_sentence
Everything_is_possible_for_one_who_believes				173_(Mark 9:23)-c2		This powerful scripture: Everything is possible for one who believes, is a great reminder for you and everyone in your home that there really is nothing holding you back if you truly believe. ❤️	25:68	0:194
Everything_is_possible_for_one_who_believes				178_(Mark 9:23)-c2		Jesus said to him, "If you can believe, Everything is possible for one who believes"Jesus never told us to try to understand but simply believe.	40:83	0:144
Everything_is_possible_for_one_who_believes				168_(Mark 9:23)-c2		Jesus said to him, "If you can believe, everything is possible for one who believes.." Trust Jesus! Have faith in Him. And you will receive a miracle. Amen! Join our online prayer ministry, that will be held Day/Date: Thursday, June 15th, 2022	40:83	0:243
Everything_is_possible_for_one_who_believes				179_(Mark 9:23)-c1		"If you can't?" said Jesus. "Everything is possible for one who believes" This is the story of a child who has a dumb Spirit, the day the Spirit met Jesus was the last day he tormented the child. Come to Jesus with your problems, He has the solution	29:72	0:249
Everything_is_possible_for_one_who_believes				169_(Mark 9:23)-c2		God wants to hear from you! He's calling for you. There is nothing to hard for God to save, fix, solve, promote, bless, increase, expose, change, etc. Just activate your faith. Everything is possible for one who believes.	177:220	0:221
Everything_is_possible_for_one_who_believes				166_(Mark 9:23)-c2		Jesus said, "Everything is possible for one who believes." If you could only believe that with God all things are possible, all things would be possible for you. This is hope for the day. The impossible is possible for them that believe	13:56	0:236
Everything_is_possible_for_one_who_believes				177_(Mark 9:23)-c1		Do you need a miracle? Call upon the name of Jesus and trust in Him fully. He is the Waymaker and the Miracle Worker. 😍🙏🌌 And Jesus said to him, "If you can believe, Everything is possible for one who believes." 	166:209	0:212
Everything_is_possible_for_one_who_believes				170_(Mark 9:23)-c1		Jesus said to him, "If you can believe, Everything is possible for one who believes." Take note of the last word "believes"; meaning it continues; you don't have to stop believing, hold on till it manifests.	40:83	0:207
Everything_is_possible_for_one_who_believes				176_(Mark 9:23)-c1		"Jesus said unto him, If thou canst believe,Everything is possible for one who believes." GOD'S HAND IS UPON YOU MY LIL FRIEND. FATHER HEAL THIS PUPS ILLNESS & MAKE HIM WELL SO HE MAY PLAY AGAIN.. IN JESUS NAME AMEN	44:87	0:215
Everything_is_possible_for_one_who_believes				174_(Mark 9:23)-c1		always True. Before your faith can make everything possible for you, you must first believe in the One who makes everything possible, JESUS! 😍 😍 Jesus said unto him, If thou canst believe, Everything is possible for one who believes 	189:232	0:233
Everything_is_possible_for_one_who_believes				165_(Mark 9:23)-c2		There are two ways to live: You can live as if nothing is a miracle; you can live as if everything is a miracle. -Jesus said: Everything is possible for one who believes.	126:169	0:170
Everything_is_possible_for_one_who_believes				172_(Mark 9:23)-c1		Visualize. Believe. Achieve!! Faith is a recurring theme in the Bible, encouraging belief and trust in God to achieve victories, because you can everything with God. Remember: "Everything is possible for one who believes."	177:220	0:222
Everything_is_possible_for_one_who_believes				167_(Mark 9:23)-c1		'If you can?' said Jesus. Everything is possible for one who believes. #God #Believe #Breakthrough The key thing is that you must believe.	26:69	0:138
Everything_is_possible_for_one_who_believes				171_(Mark 9:23)-c1		Everything is possible for one who believes. Our faith in God enables us to operate in the realm of unlimited possibilities. Through unwavering belief, we tap into God's limitless power and witness extraordinary outcomes. #FaithInGod #NothingIsImpossible	0:43	0:254
Everything_is_possible_for_one_who_believes				174_(Mark 9:23)-c2		Jesus said to him, "If you can believe, Everything is possible for one who believes." Be a possibility thinker because you serve the God of unlimited possibilities! 	40:83	0:165
Everything_is_possible_for_one_who_believes				176_(Mark 9:23)-c2		Jesus said to him,[You say to Me] "If You can? Everything is possible for one who believes and trusts [in Me]!"Underline the word "Every". Anything which u desire According to his Will is possible, if only you can trust him completely.	47:90	0:235
Everything_is_possible_for_one_who_believes				169_(Mark 9:23)-c1		"Everything is possible for one who believes." I think we believe less because we don't know God as the God of all flesh. If we know that He is God of all flesh then we will also know that there is nothing that is impossible with God. God does immeasurably more than we can ever imagine. He makes all things possible. However we also need to do our part for us to receive the impossible. It takes active faith which requires us to trust God totally with everything.	1:44	0:465
Everything_is_possible_for_one_who_believes				173_(Mark 9:23)-c1		don't lose faith laddy! And Jesus said to him, "If You can?"Everything is possible for one who believes"	60:103	0:104
Everything_is_possible_for_one_who_believes				177_(Mark 9:23)-c2		Everything is possible for one who believes. Our unwavering faith in God empowers us to embrace boundless opportunities. By firmly trusting in the divine, we unlock the inexhaustible strength of God, witnessing remarkable results beyond imagination.	0:43	0:249
Everything_is_possible_for_one_who_believes				175_(Mark 9:23)-c2		"If you can'?" said Jesus. "Everything is possible for one who believes." Whenever you are in doubt, remember that God is on your side no matter what. Believe in Him and that He has your best interest at heart, He will never let you down.	28:71	0:238
Everything_is_possible_for_one_who_believes				170_(Mark 9:23)-c2		"Everything is possible for one who believes"! Your lack of faith!! It is the one that does not allow you to "see the living God" who created the cosmos and everything that exists in it. peace to your soul. He can everything, really everything.	1:44	0:244
Everything_is_possible_for_one_who_believes				166_(Mark 9:23)-c1		Jesus said to him," If You can?' Everything is possible for one who believes." God wants to do more in you & through you than you can imagine. Nothing is impossible when you put your faith in Him. When you pray in faith, God answers. Walk & pray with faith in Christ.	33:76	0:267
Everything_is_possible_for_one_who_believes				167_(Mark 9:23)-c2		Dear heavenly father: gospel is your final goal to bless the whole world, please let us understand your mind, what should Jesus do?we might small, but nothing is impossible, "If you can'?" said Jesus. "Everything is possible for one who believes."	202:245	0:247
Everything_is_possible_for_one_who_believes				165_(Mark 9:23)-c1		Everything is possible for one who believes 😍🙏🌌 all you have to do today is to believe 😍🙏🌌😍📍❤️❤️🌌 in what you are looking forward for.	0:43	0:134
Everything_is_possible_for_one_who_believes				172_(Mark 9:23)-c2		Praying the Lord with bring Peace and Comfort and Healing for both you and your daughter. May His perfect strength be with you both. 😍🙏 Jesus said to him: "Everything is possible for one who believes"	156:199	0:200
Everything_is_possible_for_one_who_believes				171_(Mark 9:23)-c2		You have to put your faith in Jesus.. do you believe Jesus is the healer? Do you believe He is God? The Bible says in Mark:"Jesus said unto him, If thou canst believe, everything is possible for one who believes." That's true. He can everything.	168:211	0:245
Everything_is_possible_for_one_who_believes				168_(Mark 9:23)-c1		Everything is possible for one who believes. That means a better future, dreams, hopes, promotions, jobs, financials, safety, relationships, your giving, your love for God. Why settle for compromise when u can have the best when you activate your faith in God	0:43	0:259
Everything_is_possible_for_one_who_believes				175_(Mark 9:23)-c1		If you believe the DOUBTS in your mind, you won't achieve the DREAMS in your heart! ✋🌌 7 words that can change your THINKING & change your LIFE (if you believe): 😍 "EVERYTHING is POSSIBLE for one who BELIEVES!"Everything means everything!	165:208	0:238
Everything_is_possible_for_one_who_believes				179_(Mark 9:23)-c2		If you're crazy enough to believe in it, God is FAITHFUL enough to DO IT!! What do you mean, "If I can'?" Jesus asked. "Everything is possible for one who believes"	120:163	0:164
Everything_is_possible_for_one_who_believes				178_(Mark 9:23)-c1		Jesus said to him, "If you can believe, everything is possible for one who believes." Believing in God is one step away from God's possibilities. God will honour your faith in him simply because you believe in him.	40:83	0:214
