lemma	pos	date	grouping	identifier	description	context	indexes_target_token	indexes_target_sentence
Greater_love_has_no_one_than_this:_to_lay_down_one's_life_for_one's_friends				253_(John 15:13)-c2		Greater love has no one than this: to lay down one's life for one's friends. At his war rally today, Vladimir Putin hijacked the words of Jesus to support his invasion of Ukraine. Jesus spoke these words before going to the cross, not before going to war	0:75	0:254
Greater_love_has_no_one_than_this:_to_lay_down_one's_life_for_one's_friends				246_(John 15:13)-c1		Greater love has no one than this: to lay down one's life for one's friends. Note how that verse says nothing about ones choice of partner or spouse. I fully support you @Chasten and @PeteButtigieg as a fellow Christian. #LoveKnowsNoBounds #Pride	0:75	0:246
Greater_love_has_no_one_than_this:_to_lay_down_one's_life_for_one's_friends				241_(John 15:13)-c2		At a large Crimean event today Putin quoted the Bible to defend the special military operation in Ukraine which has killed thousands and displaced millions. His words "Greater love has no one than this: to lay down one's life for one's friends". And people were cheering him. Madness!!!	168:243	0:286
Greater_love_has_no_one_than_this:_to_lay_down_one's_life_for_one's_friends				245_(John 15:13)-c2		Scripture says, "Greater love has no one than this: to lay down one's life for one's friends". In honor of Memorial Day, let's honor the gift of freedom our service members have given us by saying thank you with our actions, and choosing to love and honor others.	17:92	0:263
Greater_love_has_no_one_than_this:_to_lay_down_one's_life_for_one's_friends				250_(John 15:13)-c2		As we enjoy the freedoms that were fought for and protected by our fallen heroes, let us find solace and strength in these words from John 15:13: Greater love has no one than this: to lay down one's life for one's friends. Their sacrifice will never be forgotten. 	146:221	0:264
Greater_love_has_no_one_than_this:_to_lay_down_one's_life_for_one's_friends				252_(John 15:13)-c2		May we never forget the men and women who paid the ultimate price for our freedom. There is no greater sacrifice. Greater love has no one than this: to lay down one's life for one's friends.	114:189	0:190
Greater_love_has_no_one_than_this:_to_lay_down_one's_life_for_one's_friends				241_(John 15:13)-c1		Love is a choice, an act of the will, for the good of the other person. The ultimate expression of love, as Jesus Christ himself said, is this: Greater love has no one than this: to lay down one's life for one's friends.	144:219	0:220
Greater_love_has_no_one_than_this:_to_lay_down_one's_life_for_one's_friends				245_(John 15:13)-c1		June is the month to celebrate and show love 😍 🙏 🌌 🙏, respect, acceptance, and inclusion to everyone 🌌🌎 😍🖤 ❤️ ❤️ 😍 😍💚 😍💙 😍. My command is this: Love each other as I have loved you. Greater love has no one than this: to lay down one's life for one's friends.	181:256	0:257
Greater_love_has_no_one_than_this:_to_lay_down_one's_life_for_one's_friends				248_(John 15:13)-c2		For those lost in action.. that's love. Love of your country. Verse of the day: Greater love has no one than this: to lay down one's life for one's friends	80:155	0:155
Greater_love_has_no_one_than_this:_to_lay_down_one's_life_for_one's_friends				247_(John 15:13)-c2		Thank you to the men and women that have paid the ultimate sacrifice for our country. God bless you and your families. Thank you to my grandfather Vern Breuer, US Army WWII veteran. RIP. "Greater love has no one than this: to lay down one's life for one's friends".	188:263	0:265
Greater_love_has_no_one_than_this:_to_lay_down_one's_life_for_one's_friends				251_(John 15:13)-c1		Jesus does not command you to hate gay people or anybody. It's quite the opposite. Jesus said: "My command is this: Love each other as I have loved you. Greater love has no one than this: to lay down one's life for one's friends.". Christians = love every 1	153:228	0:257
Greater_love_has_no_one_than_this:_to_lay_down_one's_life_for_one's_friends				243_(John 15:13)-c1		I laugh every time i see other christian's hating on the LGBTQ. Read John 15:12-13: My command is this: Love each other as I have loved you. Greater love has no one than this: to lay down one's life for one's friends. LOVE EACH OTHER, I'm doing what God tells me.	141:216	0:263
Greater_love_has_no_one_than_this:_to_lay_down_one's_life_for_one's_friends				249_(John 15:13)-c2		I don't consider myself super patriotic, but I respect those who serve and put themselves on the line. Kind of felt I should do this. Happy Memorial Day, and thank you for your service. Greater love has no one than this: to lay down one's life for one's friends.	186:261	0:262
Greater_love_has_no_one_than_this:_to_lay_down_one's_life_for_one's_friends				248_(John 15:13)-c1		Putin entered Ukraine to protect Russian speakers in the East. So is there a commandment saying 'You shall not protect'? Are not the Russians laying down their lives for their friends?  John 15: 13 Greater love has no one than this: to lay down one's life for one's friends.	198:273	0:274
Greater_love_has_no_one_than_this:_to_lay_down_one's_life_for_one's_friends				243_(John 15:13)-c2		It is to get people out of their misery, out of this genocide. "Greater love has no one than this: to lay down one's life for one's friends.." #Putin #UkraineRussiaWar #StopPutinNOW	64:139	0:181
Greater_love_has_no_one_than_this:_to_lay_down_one's_life_for_one's_friends				253_(John 15:13)-c1		Furthermore, I'm a cis gay man. But even if I was trans, why is it any of your business? It's not. You need to open that book more John 15:12-13. "My command is this: Love each other as I have loved you. Greater love has no one than this: to lay down one's life for one's friends."	204:279	0:281
Greater_love_has_no_one_than_this:_to_lay_down_one's_life_for_one's_friends				244_(John 15:13)-c2		And no, dear Putin! The Gospel (Greater love has no one than this: to lay down one's life for one's friends) is not quoted out of turn in rallies. All the more so because you are killing and not giving life.	32:107	0:207
Greater_love_has_no_one_than_this:_to_lay_down_one's_life_for_one's_friends				249_(John 15:13)-c1		Christ expressed his love "by his action" of forfeiting his life in order to provide everlasting life for repentant sinners. Greater love has no one than this: to lay down one's life for one's friends.	125:200	0:201
Greater_love_has_no_one_than_this:_to_lay_down_one's_life_for_one's_friends				254_(John 15:13)-c2		In regards to the bravery and courage of the Russian troops on the battlefront 🇷🇺☦️ Last night Putin quoted Christ from the gospel of John 15:13.	0:75	0:145
Greater_love_has_no_one_than_this:_to_lay_down_one's_life_for_one's_friends				254_(John 15:13)-c1		It's not a competition, my dear Muslim brother. Our love for Christ knows no bounds as we believe "Greater love has no one than this: to lay down one's life for one's friends" and we believe Jesus Died for our sins that we may live.	99:174	0:232
Greater_love_has_no_one_than_this:_to_lay_down_one's_life_for_one's_friends				242_(John 15:13)-c1		Noone has ever loved you like Lord #JesusChrist He chose to go through torture and sacrificed himself for all of us. Crucifixion was the most painful death invented by the romans. Greater love has no one than this: to lay down one's life for one's friends.	180:255	0:256
Greater_love_has_no_one_than_this:_to_lay_down_one's_life_for_one's_friends				250_(John 15:13)-c1		My command is this: Love each other as I have loved you. Greater love has no one than this: to lay down one's life for one's friends. ... Gay, Lesbian, Trans, Queer, Always Love other people whatever they are.	57:132	0:209
Greater_love_has_no_one_than_this:_to_lay_down_one's_life_for_one's_friends				244_(John 15:13)-c1		Teach your children to honor those who have made freedom possible by paying the ultimate price 🌌🌌: Greater love has no one than this: to lay down one's life for one's friends.	99:174	0:175
Greater_love_has_no_one_than_this:_to_lay_down_one's_life_for_one's_friends				252_(John 15:13)-c1		My command is this: Love each other as I have loved you. Greater love has no one than this: to lay down one's life for one's friends. But if you're a Rugby League player you don't have to love the gays... well fuck you, bigots	57:132	0:226
Greater_love_has_no_one_than_this:_to_lay_down_one's_life_for_one's_friends				240_(John 15:13)-c1		Love is fulfilled when it Loves without limits. The spear pierced His Heart like an arrow of Love... We're drowning in Love. Greater love has no one than this: to lay down one's life for one's friends.	125:200	0:201
Greater_love_has_no_one_than_this:_to_lay_down_one's_life_for_one's_friends				240_(John 15:13)-c2		Putin quotes John 15:13 to hail Ukraine invasion at Moscow rally: 'The words from the Bible'. Greater love has no one than this: to lay down one's life for one's friends. Putin said	94:169	0:181
Greater_love_has_no_one_than_this:_to_lay_down_one's_life_for_one's_friends				242_(John 15:13)-c2		"Greater love has no one than this: to lay down one's life for one's friends" Putin tells the assembled crowd as he quotes the Bible. This lunatic is now invoking the scriptures to justify killing innocent people.	1:76	0:213
Greater_love_has_no_one_than_this:_to_lay_down_one's_life_for_one's_friends				251_(John 15:13)-c2		Today we honor, thank, and remember the brave men and women of the United States Armed Forces who made the ultimate sacrifice for our country and freedoms. Greater love has no one than this: to lay down one's life for one's friends.	156:231	0:232
Greater_love_has_no_one_than_this:_to_lay_down_one's_life_for_one's_friends				247_(John 15:13)-c1		Love is service, love is sacrifice, love is putting down everything that makes you pumped up with pride for the benefit of another, that is why Jesus Christ said: "Greater love has no one than this: to lay down one's life for one's friends". Your partner is your friend	164:239	0:269
Greater_love_has_no_one_than_this:_to_lay_down_one's_life_for_one's_friends				246_(John 15:13)-c2		Lord comfort those whom our brave men and women, who served our country, have left behind. Forgive our sins, heal our land, and bring this country back to you. In Jesus name! "Greater love has no one than this: to lay down one's life for one's friends".	176:251	0:253
